File,aid,Date,7,8,9,13,15
Soil_Moisture_Retrieval_Data_AM_retrieval_qual_flag_2024001_aid0001,aid0001,2024-01-01 00:00:00+00:00,22.0,,,,
Soil_Moisture_Retrieval_Data_AM_retrieval_qual_flag_2024002_aid0001,aid0001,2024-01-02 00:00:00+00:00,,19.0,2.0,1.0,
Soil_Moisture_Retrieval_Data_AM_retrieval_qual_flag_2024003_aid0001,aid0001,2024-01-03 00:00:00+00:00,14.0,5.0,3.0,,
Soil_Moisture_Retrieval_Data_AM_retrieval_qual_flag_2024004_aid0001,aid0001,2024-01-04 00:00:00+00:00,22.0,,,,
Soil_Moisture_Retrieval_Data_AM_retrieval_qual_flag_2024005_aid0001,aid0001,2024-01-05 00:00:00+00:00,,19.0,3.0,,
Soil_Moisture_Retrieval_Data_AM_retrieval_qual_flag_2024006_aid0001,aid0001,2024-01-06 00:00:00+00:00,22.0,,,,
Soil_Moisture_Retrieval_Data_AM_retrieval_qual_flag_2024007_aid0001,aid0001,2024-01-07 00:00:00+00:00,,19.0,2.0,1.0,
Soil_Moisture_Retrieval_Data_AM_retrieval_qual_flag_2024008_aid0001,aid0001,2024-01-08 00:00:00+00:00,22.0,,,,
Soil_Moisture_Retrieval_Data_AM_retrieval_qual_flag_2024009_aid0001,aid0001,2024-01-09 00:00:00+00:00,22.0,,,,
Soil_Moisture_Retrieval_Data_AM_retrieval_qual_flag_2024010_aid0001,aid0001,2024-01-10 00:00:00+00:00,,19.0,3.0,,
Soil_Moisture_Retrieval_Data_AM_retrieval_qual_flag_2024011_aid0001,aid0001,2024-01-11 00:00:00+00:00,14.0,5.0,2.0,1.0,
Soil_Moisture_Retrieval_Data_AM_retrieval_qual_flag_2024012_aid0001,aid0001,2024-01-12 00:00:00+00:00,22.0,,,,
Soil_Moisture_Retrieval_Data_AM_retrieval_qual_flag_2024013_aid0001,aid0001,2024-01-13 00:00:00+00:00,1.0,19.0,1.0,1.0,
Soil_Moisture_Retrieval_Data_AM_retrieval_qual_flag_2024014_aid0001,aid0001,2024-01-14 00:00:00+00:00,22.0,,,,
Soil_Moisture_Retrieval_Data_AM_retrieval_qual_flag_2024015_aid0001,aid0001,2024-01-15 00:00:00+00:00,1.0,19.0,2.0,,
Soil_Moisture_Retrieval_Data_AM_retrieval_qual_flag_2024016_aid0001,aid0001,2024-01-16 00:00:00+00:00,22.0,,,,
Soil_Moisture_Retrieval_Data_AM_retrieval_qual_flag_2024017_aid0001,aid0001,2024-01-17 00:00:00+00:00,22.0,,,,
Soil_Moisture_Retrieval_Data_AM_retrieval_qual_flag_2024018_aid0001,aid0001,2024-01-18 00:00:00+00:00,1.0,19.0,2.0,,
Soil_Moisture_Retrieval_Data_AM_retrieval_qual_flag_2024019_aid0001,aid0001,2024-01-19 00:00:00+00:00,14.0,5.0,2.0,1.0,
Soil_Moisture_Retrieval_Data_AM_retrieval_qual_flag_2024020_aid0001,aid0001,2024-01-20 00:00:00+00:00,22.0,,,,
Soil_Moisture_Retrieval_Data_AM_retrieval_qual_flag_2024021_aid0001,aid0001,2024-01-21 00:00:00+00:00,,19.0,2.0,1.0,
Soil_Moisture_Retrieval_Data_AM_retrieval_qual_flag_2024022_aid0001,aid0001,2024-01-22 00:00:00+00:00,22.0,,,,
Soil_Moisture_Retrieval_Data_AM_retrieval_qual_flag_2024023_aid0001,aid0001,2024-01-23 00:00:00+00:00,,19.0,2.0,1.0,
Soil_Moisture_Retrieval_Data_AM_retrieval_qual_flag_2024024_aid0001,aid0001,2024-01-24 00:00:00+00:00,22.0,,,,
Soil_Moisture_Retrieval_Data_AM_retrieval_qual_flag_2024025_aid0001,aid0001,2024-01-25 00:00:00+00:00,22.0,,,,
Soil_Moisture_Retrieval_Data_AM_retrieval_qual_flag_2024026_aid0001,aid0001,2024-01-26 00:00:00+00:00,,19.0,2.0,1.0,
Soil_Moisture_Retrieval_Data_AM_retrieval_qual_flag_2024027_aid0001,aid0001,2024-01-27 00:00:00+00:00,14.0,5.0,2.0,1.0,
Soil_Moisture_Retrieval_Data_AM_retrieval_qual_flag_2024028_aid0001,aid0001,2024-01-28 00:00:00+00:00,22.0,,,,
Soil_Moisture_Retrieval_Data_AM_retrieval_qual_flag_2024029_aid0001,aid0001,2024-01-29 00:00:00+00:00,,19.0,2.0,1.0,
Soil_Moisture_Retrieval_Data_AM_retrieval_qual_flag_2024030_aid0001,aid0001,2024-01-30 00:00:00+00:00,22.0,,,,
Soil_Moisture_Retrieval_Data_AM_retrieval_qual_flag_2024031_aid0001,aid0001,2024-01-31 00:00:00+00:00,2.0,17.0,2.0,1.0,
Soil_Moisture_Retrieval_Data_AM_retrieval_qual_flag_2024032_aid0001,aid0001,2024-02-01 00:00:00+00:00,22.0,,,,
Soil_Moisture_Retrieval_Data_AM_retrieval_qual_flag_2024033_aid0001,aid0001,2024-02-02 00:00:00+00:00,22.0,,,,
Soil_Moisture_Retrieval_Data_AM_retrieval_qual_flag_2024034_aid0001,aid0001,2024-02-03 00:00:00+00:00,,17.0,2.0,3.0,
Soil_Moisture_Retrieval_Data_AM_retrieval_qual_flag_2024035_aid0001,aid0001,2024-02-04 00:00:00+00:00,14.0,4.0,2.0,2.0,
Soil_Moisture_Retrieval_Data_AM_retrieval_qual_flag_2024036_aid0001,aid0001,2024-02-05 00:00:00+00:00,22.0,,,,
Soil_Moisture_Retrieval_Data_AM_retrieval_qual_flag_2024037_aid0001,aid0001,2024-02-06 00:00:00+00:00,,19.0,2.0,1.0,
Soil_Moisture_Retrieval_Data_AM_retrieval_qual_flag_2024038_aid0001,aid0001,2024-02-07 00:00:00+00:00,22.0,,,,
Soil_Moisture_Retrieval_Data_AM_retrieval_qual_flag_2024039_aid0001,aid0001,2024-02-08 00:00:00+00:00,,12.0,2.0,8.0,
Soil_Moisture_Retrieval_Data_AM_retrieval_qual_flag_2024040_aid0001,aid0001,2024-02-09 00:00:00+00:00,22.0,,,,
Soil_Moisture_Retrieval_Data_AM_retrieval_qual_flag_2024041_aid0001,aid0001,2024-02-10 00:00:00+00:00,22.0,,,,
Soil_Moisture_Retrieval_Data_AM_retrieval_qual_flag_2024042_aid0001,aid0001,2024-02-11 00:00:00+00:00,,13.0,2.0,7.0,
Soil_Moisture_Retrieval_Data_AM_retrieval_qual_flag_2024043_aid0001,aid0001,2024-02-12 00:00:00+00:00,14.0,3.0,2.0,3.0,
Soil_Moisture_Retrieval_Data_AM_retrieval_qual_flag_2024044_aid0001,aid0001,2024-02-13 00:00:00+00:00,22.0,,,,
Soil_Moisture_Retrieval_Data_AM_retrieval_qual_flag_2024045_aid0001,aid0001,2024-02-14 00:00:00+00:00,,16.0,2.0,4.0,
Soil_Moisture_Retrieval_Data_AM_retrieval_qual_flag_2024046_aid0001,aid0001,2024-02-15 00:00:00+00:00,22.0,,,,
Soil_Moisture_Retrieval_Data_AM_retrieval_qual_flag_2024047_aid0001,aid0001,2024-02-16 00:00:00+00:00,,10.0,3.0,9.0,
Soil_Moisture_Retrieval_Data_AM_retrieval_qual_flag_2024048_aid0001,aid0001,2024-02-17 00:00:00+00:00,22.0,,,,
Soil_Moisture_Retrieval_Data_AM_retrieval_qual_flag_2024049_aid0001,aid0001,2024-02-18 00:00:00+00:00,22.0,,,,
Soil_Moisture_Retrieval_Data_AM_retrieval_qual_flag_2024050_aid0001,aid0001,2024-02-19 00:00:00+00:00,,11.0,1.0,10.0,
Soil_Moisture_Retrieval_Data_AM_retrieval_qual_flag_2024051_aid0001,aid0001,2024-02-20 00:00:00+00:00,14.0,5.0,2.0,1.0,
Soil_Moisture_Retrieval_Data_AM_retrieval_qual_flag_2024052_aid0001,aid0001,2024-02-21 00:00:00+00:00,22.0,,,,
Soil_Moisture_Retrieval_Data_AM_retrieval_qual_flag_2024053_aid0001,aid0001,2024-02-22 00:00:00+00:00,,17.0,2.0,3.0,
Soil_Moisture_Retrieval_Data_AM_retrieval_qual_flag_2024054_aid0001,aid0001,2024-02-23 00:00:00+00:00,22.0,,,,
Soil_Moisture_Retrieval_Data_AM_retrieval_qual_flag_2024055_aid0001,aid0001,2024-02-24 00:00:00+00:00,,10.0,2.0,10.0,
Soil_Moisture_Retrieval_Data_AM_retrieval_qual_flag_2024056_aid0001,aid0001,2024-02-25 00:00:00+00:00,22.0,,,,
Soil_Moisture_Retrieval_Data_AM_retrieval_qual_flag_2024057_aid0001,aid0001,2024-02-26 00:00:00+00:00,22.0,,,,
Soil_Moisture_Retrieval_Data_AM_retrieval_qual_flag_2024058_aid0001,aid0001,2024-02-27 00:00:00+00:00,1.0,13.0,1.0,7.0,
Soil_Moisture_Retrieval_Data_AM_retrieval_qual_flag_2024059_aid0001,aid0001,2024-02-28 00:00:00+00:00,14.0,5.0,2.0,1.0,
Soil_Moisture_Retrieval_Data_AM_retrieval_qual_flag_2024060_aid0001,aid0001,2024-02-29 00:00:00+00:00,22.0,,,,
Soil_Moisture_Retrieval_Data_AM_retrieval_qual_flag_2024061_aid0001,aid0001,2024-03-01 00:00:00+00:00,1.0,15.0,1.0,5.0,
Soil_Moisture_Retrieval_Data_AM_retrieval_qual_flag_2024062_aid0001,aid0001,2024-03-02 00:00:00+00:00,22.0,,,,
Soil_Moisture_Retrieval_Data_AM_retrieval_qual_flag_2024063_aid0001,aid0001,2024-03-03 00:00:00+00:00,,13.0,2.0,7.0,
Soil_Moisture_Retrieval_Data_AM_retrieval_qual_flag_2024064_aid0001,aid0001,2024-03-04 00:00:00+00:00,22.0,,,,
Soil_Moisture_Retrieval_Data_AM_retrieval_qual_flag_2024065_aid0001,aid0001,2024-03-05 00:00:00+00:00,22.0,,,,
Soil_Moisture_Retrieval_Data_AM_retrieval_qual_flag_2024066_aid0001,aid0001,2024-03-06 00:00:00+00:00,,13.0,1.0,8.0,
Soil_Moisture_Retrieval_Data_AM_retrieval_qual_flag_2024067_aid0001,aid0001,2024-03-07 00:00:00+00:00,13.0,5.0,1.0,3.0,
Soil_Moisture_Retrieval_Data_AM_retrieval_qual_flag_2024068_aid0001,aid0001,2024-03-08 00:00:00+00:00,22.0,,,,
Soil_Moisture_Retrieval_Data_AM_retrieval_qual_flag_2024069_aid0001,aid0001,2024-03-09 00:00:00+00:00,,17.0,2.0,3.0,
Soil_Moisture_Retrieval_Data_AM_retrieval_qual_flag_2024070_aid0001,aid0001,2024-03-10 00:00:00+00:00,22.0,,,,
Soil_Moisture_Retrieval_Data_AM_retrieval_qual_flag_2024071_aid0001,aid0001,2024-03-11 00:00:00+00:00,,12.0,3.0,7.0,
Soil_Moisture_Retrieval_Data_AM_retrieval_qual_flag_2024072_aid0001,aid0001,2024-03-12 00:00:00+00:00,22.0,,,,
Soil_Moisture_Retrieval_Data_AM_retrieval_qual_flag_2024073_aid0001,aid0001,2024-03-13 00:00:00+00:00,22.0,,,,
Soil_Moisture_Retrieval_Data_AM_retrieval_qual_flag_2024074_aid0001,aid0001,2024-03-14 00:00:00+00:00,,16.0,,6.0,
Soil_Moisture_Retrieval_Data_AM_retrieval_qual_flag_2024075_aid0001,aid0001,2024-03-15 00:00:00+00:00,13.0,5.0,2.0,2.0,
Soil_Moisture_Retrieval_Data_AM_retrieval_qual_flag_2024076_aid0001,aid0001,2024-03-16 00:00:00+00:00,22.0,,,,
Soil_Moisture_Retrieval_Data_AM_retrieval_qual_flag_2024077_aid0001,aid0001,2024-03-17 00:00:00+00:00,,19.0,3.0,,
Soil_Moisture_Retrieval_Data_AM_retrieval_qual_flag_2024078_aid0001,aid0001,2024-03-18 00:00:00+00:00,22.0,,,,
Soil_Moisture_Retrieval_Data_AM_retrieval_qual_flag_2024079_aid0001,aid0001,2024-03-19 00:00:00+00:00,,19.0,1.0,2.0,
Soil_Moisture_Retrieval_Data_AM_retrieval_qual_flag_2024080_aid0001,aid0001,2024-03-20 00:00:00+00:00,22.0,,,,
Soil_Moisture_Retrieval_Data_AM_retrieval_qual_flag_2024081_aid0001,aid0001,2024-03-21 00:00:00+00:00,22.0,,,,
Soil_Moisture_Retrieval_Data_AM_retrieval_qual_flag_2024082_aid0001,aid0001,2024-03-22 00:00:00+00:00,,15.0,,7.0,
Soil_Moisture_Retrieval_Data_AM_retrieval_qual_flag_2024083_aid0001,aid0001,2024-03-23 00:00:00+00:00,13.0,3.0,1.0,5.0,
Soil_Moisture_Retrieval_Data_AM_retrieval_qual_flag_2024084_aid0001,aid0001,2024-03-24 00:00:00+00:00,22.0,,,,
Soil_Moisture_Retrieval_Data_AM_retrieval_qual_flag_2024085_aid0001,aid0001,2024-03-25 00:00:00+00:00,,15.0,1.0,6.0,
Soil_Moisture_Retrieval_Data_AM_retrieval_qual_flag_2024086_aid0001,aid0001,2024-03-26 00:00:00+00:00,22.0,,,,
Soil_Moisture_Retrieval_Data_AM_retrieval_qual_flag_2024087_aid0001,aid0001,2024-03-27 00:00:00+00:00,,15.0,1.0,6.0,
Soil_Moisture_Retrieval_Data_AM_retrieval_qual_flag_2024088_aid0001,aid0001,2024-03-28 00:00:00+00:00,22.0,,,,
Soil_Moisture_Retrieval_Data_AM_retrieval_qual_flag_2024089_aid0001,aid0001,2024-03-29 00:00:00+00:00,22.0,,,,
Soil_Moisture_Retrieval_Data_AM_retrieval_qual_flag_2024090_aid0001,aid0001,2024-03-30 00:00:00+00:00,,14.0,,8.0,
Soil_Moisture_Retrieval_Data_AM_retrieval_qual_flag_2024091_aid0001,aid0001,2024-03-31 00:00:00+00:00,14.0,2.0,1.0,5.0,
Soil_Moisture_Retrieval_Data_AM_retrieval_qual_flag_2024092_aid0001,aid0001,2024-04-01 00:00:00+00:00,22.0,,,,
Soil_Moisture_Retrieval_Data_AM_retrieval_qual_flag_2024093_aid0001,aid0001,2024-04-02 00:00:00+00:00,22.0,,,,
Soil_Moisture_Retrieval_Data_AM_retrieval_qual_flag_2024094_aid0001,aid0001,2024-04-03 00:00:00+00:00,22.0,,,,
Soil_Moisture_Retrieval_Data_AM_retrieval_qual_flag_2024095_aid0001,aid0001,2024-04-04 00:00:00+00:00,,15.0,3.0,4.0,
Soil_Moisture_Retrieval_Data_AM_retrieval_qual_flag_2024096_aid0001,aid0001,2024-04-05 00:00:00+00:00,22.0,,,,
Soil_Moisture_Retrieval_Data_AM_retrieval_qual_flag_2024097_aid0001,aid0001,2024-04-06 00:00:00+00:00,22.0,,,,
Soil_Moisture_Retrieval_Data_AM_retrieval_qual_flag_2024098_aid0001,aid0001,2024-04-07 00:00:00+00:00,,15.0,1.0,6.0,
Soil_Moisture_Retrieval_Data_AM_retrieval_qual_flag_2024099_aid0001,aid0001,2024-04-08 00:00:00+00:00,14.0,2.0,1.0,5.0,
Soil_Moisture_Retrieval_Data_AM_retrieval_qual_flag_2024100_aid0001,aid0001,2024-04-09 00:00:00+00:00,22.0,,,,
Soil_Moisture_Retrieval_Data_AM_retrieval_qual_flag_2024101_aid0001,aid0001,2024-04-10 00:00:00+00:00,,12.0,1.0,9.0,
Soil_Moisture_Retrieval_Data_AM_retrieval_qual_flag_2024102_aid0001,aid0001,2024-04-11 00:00:00+00:00,22.0,,,,
Soil_Moisture_Retrieval_Data_AM_retrieval_qual_flag_2024103_aid0001,aid0001,2024-04-12 00:00:00+00:00,1.0,14.0,3.0,4.0,
Soil_Moisture_Retrieval_Data_AM_retrieval_qual_flag_2024104_aid0001,aid0001,2024-04-13 00:00:00+00:00,22.0,,,,
Soil_Moisture_Retrieval_Data_AM_retrieval_qual_flag_2024105_aid0001,aid0001,2024-04-14 00:00:00+00:00,22.0,,,,
Soil_Moisture_Retrieval_Data_AM_retrieval_qual_flag_2024106_aid0001,aid0001,2024-04-15 00:00:00+00:00,,13.0,1.0,8.0,
Soil_Moisture_Retrieval_Data_AM_retrieval_qual_flag_2024107_aid0001,aid0001,2024-04-16 00:00:00+00:00,14.0,2.0,2.0,4.0,
Soil_Moisture_Retrieval_Data_AM_retrieval_qual_flag_2024108_aid0001,aid0001,2024-04-17 00:00:00+00:00,22.0,,,,
Soil_Moisture_Retrieval_Data_AM_retrieval_qual_flag_2024109_aid0001,aid0001,2024-04-18 00:00:00+00:00,2.0,11.0,1.0,8.0,
Soil_Moisture_Retrieval_Data_AM_retrieval_qual_flag_2024110_aid0001,aid0001,2024-04-19 00:00:00+00:00,22.0,,,,
Soil_Moisture_Retrieval_Data_AM_retrieval_qual_flag_2024111_aid0001,aid0001,2024-04-20 00:00:00+00:00,,15.0,3.0,4.0,
Soil_Moisture_Retrieval_Data_AM_retrieval_qual_flag_2024112_aid0001,aid0001,2024-04-21 00:00:00+00:00,22.0,,,,
Soil_Moisture_Retrieval_Data_AM_retrieval_qual_flag_2024113_aid0001,aid0001,2024-04-22 00:00:00+00:00,22.0,,,,
Soil_Moisture_Retrieval_Data_AM_retrieval_qual_flag_2024114_aid0001,aid0001,2024-04-23 00:00:00+00:00,,12.0,,10.0,
Soil_Moisture_Retrieval_Data_AM_retrieval_qual_flag_2024115_aid0001,aid0001,2024-04-24 00:00:00+00:00,14.0,3.0,1.0,4.0,
Soil_Moisture_Retrieval_Data_AM_retrieval_qual_flag_2024116_aid0001,aid0001,2024-04-25 00:00:00+00:00,22.0,,,,
Soil_Moisture_Retrieval_Data_AM_retrieval_qual_flag_2024117_aid0001,aid0001,2024-04-26 00:00:00+00:00,,12.0,1.0,9.0,
Soil_Moisture_Retrieval_Data_AM_retrieval_qual_flag_2024118_aid0001,aid0001,2024-04-27 00:00:00+00:00,22.0,,,,
Soil_Moisture_Retrieval_Data_AM_retrieval_qual_flag_2024119_aid0001,aid0001,2024-04-28 00:00:00+00:00,,15.0,3.0,4.0,
Soil_Moisture_Retrieval_Data_AM_retrieval_qual_flag_2024120_aid0001,aid0001,2024-04-29 00:00:00+00:00,22.0,,,,
Soil_Moisture_Retrieval_Data_AM_retrieval_qual_flag_2024121_aid0001,aid0001,2024-04-30 00:00:00+00:00,22.0,,,,
Soil_Moisture_Retrieval_Data_AM_retrieval_qual_flag_2024122_aid0001,aid0001,2024-05-01 00:00:00+00:00,,13.0,2.0,7.0,
Soil_Moisture_Retrieval_Data_AM_retrieval_qual_flag_2024123_aid0001,aid0001,2024-05-02 00:00:00+00:00,14.0,3.0,1.0,4.0,
Soil_Moisture_Retrieval_Data_AM_retrieval_qual_flag_2024124_aid0001,aid0001,2024-05-03 00:00:00+00:00,22.0,,,,
Soil_Moisture_Retrieval_Data_AM_retrieval_qual_flag_2024125_aid0001,aid0001,2024-05-04 00:00:00+00:00,,13.0,1.0,8.0,
Soil_Moisture_Retrieval_Data_AM_retrieval_qual_flag_2024126_aid0001,aid0001,2024-05-05 00:00:00+00:00,22.0,,,,
Soil_Moisture_Retrieval_Data_AM_retrieval_qual_flag_2024127_aid0001,aid0001,2024-05-06 00:00:00+00:00,1.0,14.0,2.0,5.0,
Soil_Moisture_Retrieval_Data_AM_retrieval_qual_flag_2024128_aid0001,aid0001,2024-05-07 00:00:00+00:00,22.0,,,,
Soil_Moisture_Retrieval_Data_AM_retrieval_qual_flag_2024129_aid0001,aid0001,2024-05-08 00:00:00+00:00,22.0,,,,
Soil_Moisture_Retrieval_Data_AM_retrieval_qual_flag_2024130_aid0001,aid0001,2024-05-09 00:00:00+00:00,,14.0,2.0,6.0,
Soil_Moisture_Retrieval_Data_AM_retrieval_qual_flag_2024131_aid0001,aid0001,2024-05-10 00:00:00+00:00,14.0,3.0,2.0,3.0,
Soil_Moisture_Retrieval_Data_AM_retrieval_qual_flag_2024132_aid0001,aid0001,2024-05-11 00:00:00+00:00,22.0,,,,
Soil_Moisture_Retrieval_Data_AM_retrieval_qual_flag_2024133_aid0001,aid0001,2024-05-12 00:00:00+00:00,22.0,,,,
Soil_Moisture_Retrieval_Data_AM_retrieval_qual_flag_2024134_aid0001,aid0001,2024-05-13 00:00:00+00:00,22.0,,,,
Soil_Moisture_Retrieval_Data_AM_retrieval_qual_flag_2024135_aid0001,aid0001,2024-05-14 00:00:00+00:00,1.0,19.0,2.0,,
Soil_Moisture_Retrieval_Data_AM_retrieval_qual_flag_2024136_aid0001,aid0001,2024-05-15 00:00:00+00:00,22.0,,,,
Soil_Moisture_Retrieval_Data_AM_retrieval_qual_flag_2024137_aid0001,aid0001,2024-05-16 00:00:00+00:00,22.0,,,,
Soil_Moisture_Retrieval_Data_AM_retrieval_qual_flag_2024138_aid0001,aid0001,2024-05-17 00:00:00+00:00,,19.0,1.0,2.0,
Soil_Moisture_Retrieval_Data_AM_retrieval_qual_flag_2024139_aid0001,aid0001,2024-05-18 00:00:00+00:00,14.0,5.0,2.0,1.0,
Soil_Moisture_Retrieval_Data_AM_retrieval_qual_flag_2024140_aid0001,aid0001,2024-05-19 00:00:00+00:00,22.0,,,,
Soil_Moisture_Retrieval_Data_AM_retrieval_qual_flag_2024141_aid0001,aid0001,2024-05-20 00:00:00+00:00,,8.0,3.0,11.0,
Soil_Moisture_Retrieval_Data_AM_retrieval_qual_flag_2024142_aid0001,aid0001,2024-05-21 00:00:00+00:00,22.0,,,,
Soil_Moisture_Retrieval_Data_AM_retrieval_qual_flag_2024143_aid0001,aid0001,2024-05-22 00:00:00+00:00,,15.0,3.0,4.0,
Soil_Moisture_Retrieval_Data_AM_retrieval_qual_flag_2024144_aid0001,aid0001,2024-05-23 00:00:00+00:00,22.0,,,,
Soil_Moisture_Retrieval_Data_AM_retrieval_qual_flag_2024145_aid0001,aid0001,2024-05-24 00:00:00+00:00,22.0,,,,
Soil_Moisture_Retrieval_Data_AM_retrieval_qual_flag_2024146_aid0001,aid0001,2024-05-25 00:00:00+00:00,1.0,18.0,2.0,1.0,
Soil_Moisture_Retrieval_Data_AM_retrieval_qual_flag_2024147_aid0001,aid0001,2024-05-26 00:00:00+00:00,14.0,5.0,3.0,,
Soil_Moisture_Retrieval_Data_AM_retrieval_qual_flag_2024148_aid0001,aid0001,2024-05-27 00:00:00+00:00,22.0,,,,
Soil_Moisture_Retrieval_Data_AM_retrieval_qual_flag_2024149_aid0001,aid0001,2024-05-28 00:00:00+00:00,,15.0,4.0,3.0,
Soil_Moisture_Retrieval_Data_AM_retrieval_qual_flag_2024150_aid0001,aid0001,2024-05-29 00:00:00+00:00,22.0,,,,
Soil_Moisture_Retrieval_Data_AM_retrieval_qual_flag_2024151_aid0001,aid0001,2024-05-30 00:00:00+00:00,,18.0,2.0,1.0,1.0
Soil_Moisture_Retrieval_Data_AM_retrieval_qual_flag_2024152_aid0001,aid0001,2024-05-31 00:00:00+00:00,22.0,,,,
Soil_Moisture_Retrieval_Data_AM_retrieval_qual_flag_2024153_aid0001,aid0001,2024-06-01 00:00:00+00:00,22.0,,,,
Soil_Moisture_Retrieval_Data_AM_retrieval_qual_flag_2024154_aid0001,aid0001,2024-06-02 00:00:00+00:00,2.0,18.0,2.0,,
Soil_Moisture_Retrieval_Data_AM_retrieval_qual_flag_2024155_aid0001,aid0001,2024-06-03 00:00:00+00:00,14.0,3.0,2.0,2.0,1.0
Soil_Moisture_Retrieval_Data_AM_retrieval_qual_flag_2024156_aid0001,aid0001,2024-06-04 00:00:00+00:00,22.0,,,,
Soil_Moisture_Retrieval_Data_AM_retrieval_qual_flag_2024157_aid0001,aid0001,2024-06-05 00:00:00+00:00,,11.0,3.0,8.0,
Soil_Moisture_Retrieval_Data_AM_retrieval_qual_flag_2024158_aid0001,aid0001,2024-06-06 00:00:00+00:00,22.0,,,,
Soil_Moisture_Retrieval_Data_AM_retrieval_qual_flag_2024159_aid0001,aid0001,2024-06-07 00:00:00+00:00,,14.0,7.0,1.0,
Soil_Moisture_Retrieval_Data_AM_retrieval_qual_flag_2024160_aid0001,aid0001,2024-06-08 00:00:00+00:00,22.0,,,,
Soil_Moisture_Retrieval_Data_AM_retrieval_qual_flag_2024161_aid0001,aid0001,2024-06-09 00:00:00+00:00,22.0,,,,
Soil_Moisture_Retrieval_Data_AM_retrieval_qual_flag_2024162_aid0001,aid0001,2024-06-10 00:00:00+00:00,,15.0,2.0,3.0,2.0
Soil_Moisture_Retrieval_Data_AM_retrieval_qual_flag_2024163_aid0001,aid0001,2024-06-11 00:00:00+00:00,14.0,3.0,3.0,2.0,
Soil_Moisture_Retrieval_Data_AM_retrieval_qual_flag_2024164_aid0001,aid0001,2024-06-12 00:00:00+00:00,22.0,,,,
Soil_Moisture_Retrieval_Data_AM_retrieval_qual_flag_2024165_aid0001,aid0001,2024-06-13 00:00:00+00:00,,9.0,8.0,5.0,
Soil_Moisture_Retrieval_Data_AM_retrieval_qual_flag_2024166_aid0001,aid0001,2024-06-14 00:00:00+00:00,22.0,,,,
Soil_Moisture_Retrieval_Data_AM_retrieval_qual_flag_2024167_aid0001,aid0001,2024-06-15 00:00:00+00:00,2.0,12.0,3.0,4.0,1.0
Soil_Moisture_Retrieval_Data_AM_retrieval_qual_flag_2024168_aid0001,aid0001,2024-06-16 00:00:00+00:00,22.0,,,,
Soil_Moisture_Retrieval_Data_AM_retrieval_qual_flag_2024169_aid0001,aid0001,2024-06-17 00:00:00+00:00,22.0,,,,
Soil_Moisture_Retrieval_Data_AM_retrieval_qual_flag_2024170_aid0001,aid0001,2024-06-18 00:00:00+00:00,,8.0,1.0,12.0,1.0
Soil_Moisture_Retrieval_Data_AM_retrieval_qual_flag_2024171_aid0001,aid0001,2024-06-19 00:00:00+00:00,13.0,2.0,2.0,4.0,1.0
Soil_Moisture_Retrieval_Data_AM_retrieval_qual_flag_2024172_aid0001,aid0001,2024-06-20 00:00:00+00:00,22.0,,,,
Soil_Moisture_Retrieval_Data_AM_retrieval_qual_flag_2024173_aid0001,aid0001,2024-06-21 00:00:00+00:00,,6.0,4.0,11.0,1.0
Soil_Moisture_Retrieval_Data_AM_retrieval_qual_flag_2024174_aid0001,aid0001,2024-06-22 00:00:00+00:00,22.0,,,,
Soil_Moisture_Retrieval_Data_AM_retrieval_qual_flag_2024175_aid0001,aid0001,2024-06-23 00:00:00+00:00,,9.0,2.0,10.0,1.0
Soil_Moisture_Retrieval_Data_AM_retrieval_qual_flag_2024176_aid0001,aid0001,2024-06-24 00:00:00+00:00,22.0,,,,
Soil_Moisture_Retrieval_Data_AM_retrieval_qual_flag_2024177_aid0001,aid0001,2024-06-25 00:00:00+00:00,22.0,,,,
Soil_Moisture_Retrieval_Data_AM_retrieval_qual_flag_2024178_aid0001,aid0001,2024-06-26 00:00:00+00:00,,14.0,2.0,5.0,1.0
Soil_Moisture_Retrieval_Data_AM_retrieval_qual_flag_2024179_aid0001,aid0001,2024-06-27 00:00:00+00:00,13.0,5.0,2.0,1.0,1.0
Soil_Moisture_Retrieval_Data_AM_retrieval_qual_flag_2024180_aid0001,aid0001,2024-06-28 00:00:00+00:00,22.0,,,,
Soil_Moisture_Retrieval_Data_AM_retrieval_qual_flag_2024181_aid0001,aid0001,2024-06-29 00:00:00+00:00,,13.0,2.0,6.0,1.0
Soil_Moisture_Retrieval_Data_AM_retrieval_qual_flag_2024182_aid0001,aid0001,2024-06-30 00:00:00+00:00,22.0,,,,
Soil_Moisture_Retrieval_Data_AM_retrieval_qual_flag_2024183_aid0001,aid0001,2024-07-01 00:00:00+00:00,22.0,,,,
Soil_Moisture_Retrieval_Data_AM_retrieval_qual_flag_2024184_aid0001,aid0001,2024-07-02 00:00:00+00:00,22.0,,,,
Soil_Moisture_Retrieval_Data_AM_retrieval_qual_flag_2024185_aid0001,aid0001,2024-07-03 00:00:00+00:00,22.0,,,,
Soil_Moisture_Retrieval_Data_AM_retrieval_qual_flag_2024186_aid0001,aid0001,2024-07-04 00:00:00+00:00,1.0,,,21.0,
Soil_Moisture_Retrieval_Data_AM_retrieval_qual_flag_2024187_aid0001,aid0001,2024-07-05 00:00:00+00:00,12.0,,,9.0,1.0
Soil_Moisture_Retrieval_Data_AM_retrieval_qual_flag_2024188_aid0001,aid0001,2024-07-06 00:00:00+00:00,22.0,,,,
Soil_Moisture_Retrieval_Data_AM_retrieval_qual_flag_2024189_aid0001,aid0001,2024-07-07 00:00:00+00:00,,1.0,2.0,19.0,
Soil_Moisture_Retrieval_Data_AM_retrieval_qual_flag_2024190_aid0001,aid0001,2024-07-08 00:00:00+00:00,22.0,,,,
Soil_Moisture_Retrieval_Data_AM_retrieval_qual_flag_2024191_aid0001,aid0001,2024-07-09 00:00:00+00:00,,,,20.0,2.0
Soil_Moisture_Retrieval_Data_AM_retrieval_qual_flag_2024192_aid0001,aid0001,2024-07-10 00:00:00+00:00,22.0,,,,
Soil_Moisture_Retrieval_Data_AM_retrieval_qual_flag_2024193_aid0001,aid0001,2024-07-11 00:00:00+00:00,22.0,,,,
Soil_Moisture_Retrieval_Data_AM_retrieval_qual_flag_2024194_aid0001,aid0001,2024-07-12 00:00:00+00:00,,,,21.0,1.0
Soil_Moisture_Retrieval_Data_AM_retrieval_qual_flag_2024195_aid0001,aid0001,2024-07-13 00:00:00+00:00,12.0,,1.0,8.0,1.0
Soil_Moisture_Retrieval_Data_AM_retrieval_qual_flag_2024196_aid0001,aid0001,2024-07-14 00:00:00+00:00,22.0,,,,
Soil_Moisture_Retrieval_Data_AM_retrieval_qual_flag_2024197_aid0001,aid0001,2024-07-15 00:00:00+00:00,,2.0,2.0,17.0,1.0
Soil_Moisture_Retrieval_Data_AM_retrieval_qual_flag_2024198_aid0001,aid0001,2024-07-16 00:00:00+00:00,22.0,,,,
Soil_Moisture_Retrieval_Data_AM_retrieval_qual_flag_2024199_aid0001,aid0001,2024-07-17 00:00:00+00:00,,,,21.0,1.0
Soil_Moisture_Retrieval_Data_AM_retrieval_qual_flag_2024200_aid0001,aid0001,2024-07-18 00:00:00+00:00,22.0,,,,
Soil_Moisture_Retrieval_Data_AM_retrieval_qual_flag_2024201_aid0001,aid0001,2024-07-19 00:00:00+00:00,22.0,,,,
Soil_Moisture_Retrieval_Data_AM_retrieval_qual_flag_2024202_aid0001,aid0001,2024-07-20 00:00:00+00:00,,2.0,2.0,18.0,
Soil_Moisture_Retrieval_Data_AM_retrieval_qual_flag_2024203_aid0001,aid0001,2024-07-21 00:00:00+00:00,13.0,1.0,2.0,5.0,1.0
Soil_Moisture_Retrieval_Data_AM_retrieval_qual_flag_2024204_aid0001,aid0001,2024-07-22 00:00:00+00:00,22.0,,,,
Soil_Moisture_Retrieval_Data_AM_retrieval_qual_flag_2024205_aid0001,aid0001,2024-07-23 00:00:00+00:00,,5.0,2.0,14.0,1.0
Soil_Moisture_Retrieval_Data_AM_retrieval_qual_flag_2024206_aid0001,aid0001,2024-07-24 00:00:00+00:00,22.0,,,,
Soil_Moisture_Retrieval_Data_AM_retrieval_qual_flag_2024207_aid0001,aid0001,2024-07-25 00:00:00+00:00,1.0,,,21.0,
Soil_Moisture_Retrieval_Data_AM_retrieval_qual_flag_2024208_aid0001,aid0001,2024-07-26 00:00:00+00:00,22.0,,,,
Soil_Moisture_Retrieval_Data_AM_retrieval_qual_flag_2024209_aid0001,aid0001,2024-07-27 00:00:00+00:00,22.0,,,,
Soil_Moisture_Retrieval_Data_AM_retrieval_qual_flag_2024210_aid0001,aid0001,2024-07-28 00:00:00+00:00,,2.0,1.0,18.0,1.0
Soil_Moisture_Retrieval_Data_AM_retrieval_qual_flag_2024211_aid0001,aid0001,2024-07-29 00:00:00+00:00,14.0,2.0,3.0,3.0,
Soil_Moisture_Retrieval_Data_AM_retrieval_qual_flag_2024212_aid0001,aid0001,2024-07-30 00:00:00+00:00,22.0,,,,
Soil_Moisture_Retrieval_Data_AM_retrieval_qual_flag_2024213_aid0001,aid0001,2024-07-31 00:00:00+00:00,,11.0,2.0,8.0,1.0
Soil_Moisture_Retrieval_Data_AM_retrieval_qual_flag_2024214_aid0001,aid0001,2024-08-01 00:00:00+00:00,22.0,,,,
Soil_Moisture_Retrieval_Data_AM_retrieval_qual_flag_2024215_aid0001,aid0001,2024-08-02 00:00:00+00:00,,,3.0,19.0,
Soil_Moisture_Retrieval_Data_AM_retrieval_qual_flag_2024216_aid0001,aid0001,2024-08-03 00:00:00+00:00,22.0,,,,
Soil_Moisture_Retrieval_Data_AM_retrieval_qual_flag_2024217_aid0001,aid0001,2024-08-04 00:00:00+00:00,22.0,,,,
Soil_Moisture_Retrieval_Data_AM_retrieval_qual_flag_2024218_aid0001,aid0001,2024-08-05 00:00:00+00:00,1.0,1.0,,20.0,
Soil_Moisture_Retrieval_Data_AM_retrieval_qual_flag_2024219_aid0001,aid0001,2024-08-06 00:00:00+00:00,15.0,,2.0,4.0,1.0
Soil_Moisture_Retrieval_Data_AM_retrieval_qual_flag_2024220_aid0001,aid0001,2024-08-07 00:00:00+00:00,22.0,,,,
Soil_Moisture_Retrieval_Data_AM_retrieval_qual_flag_2024221_aid0001,aid0001,2024-08-08 00:00:00+00:00,,2.0,4.0,15.0,1.0
Soil_Moisture_Retrieval_Data_AM_retrieval_qual_flag_2024222_aid0001,aid0001,2024-08-09 00:00:00+00:00,22.0,,,,
Soil_Moisture_Retrieval_Data_AM_retrieval_qual_flag_2024223_aid0001,aid0001,2024-08-10 00:00:00+00:00,1.0,,3.0,18.0,
Soil_Moisture_Retrieval_Data_AM_retrieval_qual_flag_2024224_aid0001,aid0001,2024-08-11 00:00:00+00:00,22.0,,,,
Soil_Moisture_Retrieval_Data_AM_retrieval_qual_flag_2024225_aid0001,aid0001,2024-08-12 00:00:00+00:00,22.0,,,,
Soil_Moisture_Retrieval_Data_AM_retrieval_qual_flag_2024226_aid0001,aid0001,2024-08-13 00:00:00+00:00,,3.0,1.0,17.0,1.0
Soil_Moisture_Retrieval_Data_AM_retrieval_qual_flag_2024227_aid0001,aid0001,2024-08-14 00:00:00+00:00,15.0,1.0,1.0,5.0,
Soil_Moisture_Retrieval_Data_AM_retrieval_qual_flag_2024228_aid0001,aid0001,2024-08-15 00:00:00+00:00,22.0,,,,
Soil_Moisture_Retrieval_Data_AM_retrieval_qual_flag_2024229_aid0001,aid0001,2024-08-16 00:00:00+00:00,,4.0,2.0,15.0,1.0
Soil_Moisture_Retrieval_Data_AM_retrieval_qual_flag_2024230_aid0001,aid0001,2024-08-17 00:00:00+00:00,22.0,,,,
Soil_Moisture_Retrieval_Data_AM_retrieval_qual_flag_2024231_aid0001,aid0001,2024-08-18 00:00:00+00:00,,6.0,2.0,13.0,1.0
Soil_Moisture_Retrieval_Data_AM_retrieval_qual_flag_2024232_aid0001,aid0001,2024-08-19 00:00:00+00:00,22.0,,,,
Soil_Moisture_Retrieval_Data_AM_retrieval_qual_flag_2024233_aid0001,aid0001,2024-08-20 00:00:00+00:00,22.0,,,,
Soil_Moisture_Retrieval_Data_AM_retrieval_qual_flag_2024234_aid0001,aid0001,2024-08-21 00:00:00+00:00,,5.0,2.0,15.0,
Soil_Moisture_Retrieval_Data_AM_retrieval_qual_flag_2024235_aid0001,aid0001,2024-08-22 00:00:00+00:00,15.0,1.0,1.0,4.0,1.0
Soil_Moisture_Retrieval_Data_AM_retrieval_qual_flag_2024236_aid0001,aid0001,2024-08-23 00:00:00+00:00,22.0,,,,
Soil_Moisture_Retrieval_Data_AM_retrieval_qual_flag_2024237_aid0001,aid0001,2024-08-24 00:00:00+00:00,1.0,5.0,1.0,14.0,1.0
Soil_Moisture_Retrieval_Data_AM_retrieval_qual_flag_2024238_aid0001,aid0001,2024-08-25 00:00:00+00:00,22.0,,,,
Soil_Moisture_Retrieval_Data_AM_retrieval_qual_flag_2024239_aid0001,aid0001,2024-08-26 00:00:00+00:00,,8.0,2.0,11.0,1.0
Soil_Moisture_Retrieval_Data_AM_retrieval_qual_flag_2024240_aid0001,aid0001,2024-08-27 00:00:00+00:00,22.0,,,,
Soil_Moisture_Retrieval_Data_AM_retrieval_qual_flag_2024241_aid0001,aid0001,2024-08-28 00:00:00+00:00,22.0,,,,
Soil_Moisture_Retrieval_Data_AM_retrieval_qual_flag_2024242_aid0001,aid0001,2024-08-29 00:00:00+00:00,1.0,10.0,1.0,10.0,
Soil_Moisture_Retrieval_Data_AM_retrieval_qual_flag_2024243_aid0001,aid0001,2024-08-30 00:00:00+00:00,14.0,2.0,3.0,3.0,
Soil_Moisture_Retrieval_Data_AM_retrieval_qual_flag_2024244_aid0001,aid0001,2024-08-31 00:00:00+00:00,22.0,,,,
Soil_Moisture_Retrieval_Data_AM_retrieval_qual_flag_2024245_aid0001,aid0001,2024-09-01 00:00:00+00:00,,3.0,1.0,17.0,1.0
Soil_Moisture_Retrieval_Data_AM_retrieval_qual_flag_2024246_aid0001,aid0001,2024-09-02 00:00:00+00:00,22.0,,,,
Soil_Moisture_Retrieval_Data_AM_retrieval_qual_flag_2024247_aid0001,aid0001,2024-09-03 00:00:00+00:00,,10.0,3.0,9.0,
Soil_Moisture_Retrieval_Data_AM_retrieval_qual_flag_2024248_aid0001,aid0001,2024-09-04 00:00:00+00:00,22.0,,,,
Soil_Moisture_Retrieval_Data_AM_retrieval_qual_flag_2024249_aid0001,aid0001,2024-09-05 00:00:00+00:00,22.0,,,,
Soil_Moisture_Retrieval_Data_AM_retrieval_qual_flag_2024250_aid0001,aid0001,2024-09-06 00:00:00+00:00,,5.0,,17.0,
Soil_Moisture_Retrieval_Data_AM_retrieval_qual_flag_2024251_aid0001,aid0001,2024-09-07 00:00:00+00:00,13.0,1.0,3.0,5.0,
Soil_Moisture_Retrieval_Data_AM_retrieval_qual_flag_2024252_aid0001,aid0001,2024-09-08 00:00:00+00:00,22.0,,,,
Soil_Moisture_Retrieval_Data_AM_retrieval_qual_flag_2024253_aid0001,aid0001,2024-09-09 00:00:00+00:00,,3.0,1.0,17.0,1.0
Soil_Moisture_Retrieval_Data_AM_retrieval_qual_flag_2024254_aid0001,aid0001,2024-09-10 00:00:00+00:00,22.0,,,,
Soil_Moisture_Retrieval_Data_AM_retrieval_qual_flag_2024255_aid0001,aid0001,2024-09-11 00:00:00+00:00,,6.0,3.0,13.0,
Soil_Moisture_Retrieval_Data_AM_retrieval_qual_flag_2024256_aid0001,aid0001,2024-09-12 00:00:00+00:00,22.0,,,,
Soil_Moisture_Retrieval_Data_AM_retrieval_qual_flag_2024257_aid0001,aid0001,2024-09-13 00:00:00+00:00,22.0,,,,
Soil_Moisture_Retrieval_Data_AM_retrieval_qual_flag_2024258_aid0001,aid0001,2024-09-14 00:00:00+00:00,,6.0,2.0,13.0,1.0
Soil_Moisture_Retrieval_Data_AM_retrieval_qual_flag_2024259_aid0001,aid0001,2024-09-15 00:00:00+00:00,12.0,1.0,1.0,8.0,
Soil_Moisture_Retrieval_Data_AM_retrieval_qual_flag_2024260_aid0001,aid0001,2024-09-16 00:00:00+00:00,22.0,,,,
Soil_Moisture_Retrieval_Data_AM_retrieval_qual_flag_2024261_aid0001,aid0001,2024-09-17 00:00:00+00:00,,3.0,1.0,17.0,1.0
Soil_Moisture_Retrieval_Data_AM_retrieval_qual_flag_2024262_aid0001,aid0001,2024-09-18 00:00:00+00:00,22.0,,,,
Soil_Moisture_Retrieval_Data_AM_retrieval_qual_flag_2024263_aid0001,aid0001,2024-09-19 00:00:00+00:00,1.0,9.0,1.0,11.0,
Soil_Moisture_Retrieval_Data_AM_retrieval_qual_flag_2024264_aid0001,aid0001,2024-09-20 00:00:00+00:00,22.0,,,,
Soil_Moisture_Retrieval_Data_AM_retrieval_qual_flag_2024265_aid0001,aid0001,2024-09-21 00:00:00+00:00,22.0,,,,
Soil_Moisture_Retrieval_Data_AM_retrieval_qual_flag_2024266_aid0001,aid0001,2024-09-22 00:00:00+00:00,,6.0,1.0,14.0,1.0
Soil_Moisture_Retrieval_Data_AM_retrieval_qual_flag_2024267_aid0001,aid0001,2024-09-23 00:00:00+00:00,13.0,2.0,1.0,5.0,1.0
Soil_Moisture_Retrieval_Data_AM_retrieval_qual_flag_2024268_aid0001,aid0001,2024-09-24 00:00:00+00:00,22.0,,,,
Soil_Moisture_Retrieval_Data_AM_retrieval_qual_flag_2024269_aid0001,aid0001,2024-09-25 00:00:00+00:00,,1.0,3.0,17.0,1.0
Soil_Moisture_Retrieval_Data_AM_retrieval_qual_flag_2024270_aid0001,aid0001,2024-09-26 00:00:00+00:00,22.0,,,,
Soil_Moisture_Retrieval_Data_AM_retrieval_qual_flag_2024271_aid0001,aid0001,2024-09-27 00:00:00+00:00,,1.0,3.0,17.0,1.0
Soil_Moisture_Retrieval_Data_AM_retrieval_qual_flag_2024272_aid0001,aid0001,2024-09-28 00:00:00+00:00,22.0,,,,
Soil_Moisture_Retrieval_Data_AM_retrieval_qual_flag_2024273_aid0001,aid0001,2024-09-29 00:00:00+00:00,22.0,,,,
Soil_Moisture_Retrieval_Data_AM_retrieval_qual_flag_2024274_aid0001,aid0001,2024-09-30 00:00:00+00:00,,2.0,,20.0,
Soil_Moisture_Retrieval_Data_AM_retrieval_qual_flag_2024275_aid0001,aid0001,2024-10-01 00:00:00+00:00,14.0,1.0,1.0,6.0,
Soil_Moisture_Retrieval_Data_AM_retrieval_qual_flag_2024276_aid0001,aid0001,2024-10-02 00:00:00+00:00,22.0,,,,
Soil_Moisture_Retrieval_Data_AM_retrieval_qual_flag_2024277_aid0001,aid0001,2024-10-03 00:00:00+00:00,,1.0,2.0,19.0,
Soil_Moisture_Retrieval_Data_AM_retrieval_qual_flag_2024278_aid0001,aid0001,2024-10-04 00:00:00+00:00,22.0,,,,
Soil_Moisture_Retrieval_Data_AM_retrieval_qual_flag_2024279_aid0001,aid0001,2024-10-05 00:00:00+00:00,,1.0,4.0,17.0,
Soil_Moisture_Retrieval_Data_AM_retrieval_qual_flag_2024280_aid0001,aid0001,2024-10-06 00:00:00+00:00,22.0,,,,
Soil_Moisture_Retrieval_Data_AM_retrieval_qual_flag_2024281_aid0001,aid0001,2024-10-07 00:00:00+00:00,22.0,,,,
Soil_Moisture_Retrieval_Data_AM_retrieval_qual_flag_2024282_aid0001,aid0001,2024-10-08 00:00:00+00:00,1.0,2.0,,19.0,
Soil_Moisture_Retrieval_Data_AM_retrieval_qual_flag_2024283_aid0001,aid0001,2024-10-09 00:00:00+00:00,13.0,1.0,1.0,6.0,1.0
Soil_Moisture_Retrieval_Data_AM_retrieval_qual_flag_2024284_aid0001,aid0001,2024-10-10 00:00:00+00:00,22.0,,,,
Soil_Moisture_Retrieval_Data_AM_retrieval_qual_flag_2024285_aid0001,aid0001,2024-10-11 00:00:00+00:00,,1.0,,21.0,
Soil_Moisture_Retrieval_Data_AM_retrieval_qual_flag_2024286_aid0001,aid0001,2024-10-12 00:00:00+00:00,22.0,,,,
Soil_Moisture_Retrieval_Data_AM_retrieval_qual_flag_2024287_aid0001,aid0001,2024-10-13 00:00:00+00:00,,3.0,,17.0,2.0
Soil_Moisture_Retrieval_Data_AM_retrieval_qual_flag_2024288_aid0001,aid0001,2024-10-14 00:00:00+00:00,22.0,,,,
Soil_Moisture_Retrieval_Data_AM_retrieval_qual_flag_2024289_aid0001,aid0001,2024-10-15 00:00:00+00:00,22.0,,,,
Soil_Moisture_Retrieval_Data_AM_retrieval_qual_flag_2024290_aid0001,aid0001,2024-10-16 00:00:00+00:00,,3.0,2.0,17.0,
Soil_Moisture_Retrieval_Data_AM_retrieval_qual_flag_2024291_aid0001,aid0001,2024-10-17 00:00:00+00:00,13.0,1.0,1.0,6.0,1.0
Soil_Moisture_Retrieval_Data_AM_retrieval_qual_flag_2024292_aid0001,aid0001,2024-10-18 00:00:00+00:00,22.0,,,,
Soil_Moisture_Retrieval_Data_AM_retrieval_qual_flag_2024293_aid0001,aid0001,2024-10-19 00:00:00+00:00,1.0,3.0,,17.0,1.0
Soil_Moisture_Retrieval_Data_AM_retrieval_qual_flag_2024294_aid0001,aid0001,2024-10-20 00:00:00+00:00,22.0,,,,
Soil_Moisture_Retrieval_Data_AM_retrieval_qual_flag_2024295_aid0001,aid0001,2024-10-21 00:00:00+00:00,,5.0,1.0,15.0,1.0
Soil_Moisture_Retrieval_Data_AM_retrieval_qual_flag_2024296_aid0001,aid0001,2024-10-22 00:00:00+00:00,22.0,,,,
Soil_Moisture_Retrieval_Data_AM_retrieval_qual_flag_2024297_aid0001,aid0001,2024-10-23 00:00:00+00:00,22.0,,,,
Soil_Moisture_Retrieval_Data_AM_retrieval_qual_flag_2024298_aid0001,aid0001,2024-10-24 00:00:00+00:00,,4.0,,17.0,1.0
Soil_Moisture_Retrieval_Data_AM_retrieval_qual_flag_2024299_aid0001,aid0001,2024-10-25 00:00:00+00:00,14.0,1.0,1.0,5.0,1.0
Soil_Moisture_Retrieval_Data_AM_retrieval_qual_flag_2024300_aid0001,aid0001,2024-10-26 00:00:00+00:00,22.0,,,,
Soil_Moisture_Retrieval_Data_AM_retrieval_qual_flag_2024301_aid0001,aid0001,2024-10-27 00:00:00+00:00,,2.0,1.0,18.0,1.0
Soil_Moisture_Retrieval_Data_AM_retrieval_qual_flag_2024302_aid0001,aid0001,2024-10-28 00:00:00+00:00,22.0,,,,
Soil_Moisture_Retrieval_Data_AM_retrieval_qual_flag_2024303_aid0001,aid0001,2024-10-29 00:00:00+00:00,,7.0,3.0,12.0,
Soil_Moisture_Retrieval_Data_AM_retrieval_qual_flag_2024304_aid0001,aid0001,2024-10-30 00:00:00+00:00,22.0,,,,
Soil_Moisture_Retrieval_Data_AM_retrieval_qual_flag_2024305_aid0001,aid0001,2024-10-31 00:00:00+00:00,22.0,,,,
Soil_Moisture_Retrieval_Data_AM_retrieval_qual_flag_2024306_aid0001,aid0001,2024-11-01 00:00:00+00:00,,9.0,,12.0,1.0
Soil_Moisture_Retrieval_Data_AM_retrieval_qual_flag_2024307_aid0001,aid0001,2024-11-02 00:00:00+00:00,14.0,2.0,2.0,3.0,1.0
Soil_Moisture_Retrieval_Data_AM_retrieval_qual_flag_2024308_aid0001,aid0001,2024-11-03 00:00:00+00:00,22.0,,,,
Soil_Moisture_Retrieval_Data_AM_retrieval_qual_flag_2024309_aid0001,aid0001,2024-11-04 00:00:00+00:00,,5.0,1.0,15.0,1.0
Soil_Moisture_Retrieval_Data_AM_retrieval_qual_flag_2024310_aid0001,aid0001,2024-11-05 00:00:00+00:00,22.0,,,,
Soil_Moisture_Retrieval_Data_AM_retrieval_qual_flag_2024311_aid0001,aid0001,2024-11-06 00:00:00+00:00,1.0,12.0,2.0,6.0,1.0
Soil_Moisture_Retrieval_Data_AM_retrieval_qual_flag_2024312_aid0001,aid0001,2024-11-07 00:00:00+00:00,22.0,,,,
Soil_Moisture_Retrieval_Data_AM_retrieval_qual_flag_2024313_aid0001,aid0001,2024-11-08 00:00:00+00:00,22.0,,,,
Soil_Moisture_Retrieval_Data_AM_retrieval_qual_flag_2024314_aid0001,aid0001,2024-11-09 00:00:00+00:00,,17.0,1.0,4.0,
Soil_Moisture_Retrieval_Data_AM_retrieval_qual_flag_2024315_aid0001,aid0001,2024-11-10 00:00:00+00:00,15.0,2.0,2.0,3.0,
Soil_Moisture_Retrieval_Data_AM_retrieval_qual_flag_2024316_aid0001,aid0001,2024-11-11 00:00:00+00:00,22.0,,,,
Soil_Moisture_Retrieval_Data_AM_retrieval_qual_flag_2024317_aid0001,aid0001,2024-11-12 00:00:00+00:00,,12.0,2.0,8.0,
Soil_Moisture_Retrieval_Data_AM_retrieval_qual_flag_2024318_aid0001,aid0001,2024-11-13 00:00:00+00:00,22.0,,,,
Soil_Moisture_Retrieval_Data_AM_retrieval_qual_flag_2024319_aid0001,aid0001,2024-11-14 00:00:00+00:00,,19.0,2.0,1.0,
Soil_Moisture_Retrieval_Data_AM_retrieval_qual_flag_2024320_aid0001,aid0001,2024-11-15 00:00:00+00:00,22.0,,,,
Soil_Moisture_Retrieval_Data_AM_retrieval_qual_flag_2024321_aid0001,aid0001,2024-11-16 00:00:00+00:00,22.0,,,,
Soil_Moisture_Retrieval_Data_AM_retrieval_qual_flag_2024322_aid0001,aid0001,2024-11-17 00:00:00+00:00,,19.0,1.0,2.0,
Soil_Moisture_Retrieval_Data_AM_retrieval_qual_flag_2024323_aid0001,aid0001,2024-11-18 00:00:00+00:00,15.0,4.0,2.0,1.0,
Soil_Moisture_Retrieval_Data_AM_retrieval_qual_flag_2024324_aid0001,aid0001,2024-11-19 00:00:00+00:00,22.0,,,,
Soil_Moisture_Retrieval_Data_AM_retrieval_qual_flag_2024325_aid0001,aid0001,2024-11-20 00:00:00+00:00,,16.0,2.0,4.0,
Soil_Moisture_Retrieval_Data_AM_retrieval_qual_flag_2024326_aid0001,aid0001,2024-11-21 00:00:00+00:00,22.0,,,,
Soil_Moisture_Retrieval_Data_AM_retrieval_qual_flag_2024327_aid0001,aid0001,2024-11-22 00:00:00+00:00,22.0,,,,
Soil_Moisture_Retrieval_Data_AM_retrieval_qual_flag_2024328_aid0001,aid0001,2024-11-23 00:00:00+00:00,22.0,,,,
Soil_Moisture_Retrieval_Data_AM_retrieval_qual_flag_2024329_aid0001,aid0001,2024-11-24 00:00:00+00:00,22.0,,,,
Soil_Moisture_Retrieval_Data_AM_retrieval_qual_flag_2024330_aid0001,aid0001,2024-11-25 00:00:00+00:00,,19.0,2.0,1.0,
Soil_Moisture_Retrieval_Data_AM_retrieval_qual_flag_2024331_aid0001,aid0001,2024-11-26 00:00:00+00:00,15.0,4.0,2.0,1.0,
Soil_Moisture_Retrieval_Data_AM_retrieval_qual_flag_2024332_aid0001,aid0001,2024-11-27 00:00:00+00:00,22.0,,,,
Soil_Moisture_Retrieval_Data_AM_retrieval_qual_flag_2024333_aid0001,aid0001,2024-11-28 00:00:00+00:00,1.0,17.0,2.0,2.0,
Soil_Moisture_Retrieval_Data_AM_retrieval_qual_flag_2024334_aid0001,aid0001,2024-11-29 00:00:00+00:00,22.0,,,,
Soil_Moisture_Retrieval_Data_AM_retrieval_qual_flag_2024335_aid0001,aid0001,2024-11-30 00:00:00+00:00,,19.0,3.0,,
Soil_Moisture_Retrieval_Data_AM_retrieval_qual_flag_2024336_aid0001,aid0001,2024-12-01 00:00:00+00:00,22.0,,,,
Soil_Moisture_Retrieval_Data_AM_retrieval_qual_flag_2024337_aid0001,aid0001,2024-12-02 00:00:00+00:00,22.0,,,,
Soil_Moisture_Retrieval_Data_AM_retrieval_qual_flag_2024338_aid0001,aid0001,2024-12-03 00:00:00+00:00,2.0,18.0,1.0,1.0,
Soil_Moisture_Retrieval_Data_AM_retrieval_qual_flag_2024339_aid0001,aid0001,2024-12-04 00:00:00+00:00,15.0,4.0,2.0,1.0,
Soil_Moisture_Retrieval_Data_AM_retrieval_qual_flag_2024340_aid0001,aid0001,2024-12-05 00:00:00+00:00,22.0,,,,
Soil_Moisture_Retrieval_Data_AM_retrieval_qual_flag_2024341_aid0001,aid0001,2024-12-06 00:00:00+00:00,,14.0,,8.0,
Soil_Moisture_Retrieval_Data_AM_retrieval_qual_flag_2024342_aid0001,aid0001,2024-12-07 00:00:00+00:00,22.0,,,,
Soil_Moisture_Retrieval_Data_AM_retrieval_qual_flag_2024343_aid0001,aid0001,2024-12-08 00:00:00+00:00,,19.0,2.0,1.0,
Soil_Moisture_Retrieval_Data_AM_retrieval_qual_flag_2024344_aid0001,aid0001,2024-12-09 00:00:00+00:00,22.0,,,,
Soil_Moisture_Retrieval_Data_AM_retrieval_qual_flag_2024345_aid0001,aid0001,2024-12-10 00:00:00+00:00,22.0,,,,
Soil_Moisture_Retrieval_Data_AM_retrieval_qual_flag_2024346_aid0001,aid0001,2024-12-11 00:00:00+00:00,,19.0,2.0,1.0,
Soil_Moisture_Retrieval_Data_AM_retrieval_qual_flag_2024347_aid0001,aid0001,2024-12-12 00:00:00+00:00,15.0,4.0,2.0,1.0,
Soil_Moisture_Retrieval_Data_AM_retrieval_qual_flag_2024348_aid0001,aid0001,2024-12-13 00:00:00+00:00,22.0,,,,
Soil_Moisture_Retrieval_Data_AM_retrieval_qual_flag_2024349_aid0001,aid0001,2024-12-14 00:00:00+00:00,,19.0,2.0,1.0,
Soil_Moisture_Retrieval_Data_AM_retrieval_qual_flag_2024350_aid0001,aid0001,2024-12-15 00:00:00+00:00,22.0,,,,
Soil_Moisture_Retrieval_Data_AM_retrieval_qual_flag_2024351_aid0001,aid0001,2024-12-16 00:00:00+00:00,1.0,19.0,1.0,1.0,
Soil_Moisture_Retrieval_Data_AM_retrieval_qual_flag_2024352_aid0001,aid0001,2024-12-17 00:00:00+00:00,22.0,,,,
Soil_Moisture_Retrieval_Data_AM_retrieval_qual_flag_2024353_aid0001,aid0001,2024-12-18 00:00:00+00:00,22.0,,,,
Soil_Moisture_Retrieval_Data_AM_retrieval_qual_flag_2024354_aid0001,aid0001,2024-12-19 00:00:00+00:00,,19.0,3.0,,
Soil_Moisture_Retrieval_Data_AM_retrieval_qual_flag_2024355_aid0001,aid0001,2024-12-20 00:00:00+00:00,16.0,3.0,3.0,,
Soil_Moisture_Retrieval_Data_AM_retrieval_qual_flag_2024356_aid0001,aid0001,2024-12-21 00:00:00+00:00,22.0,,,,
Soil_Moisture_Retrieval_Data_AM_retrieval_qual_flag_2024357_aid0001,aid0001,2024-12-22 00:00:00+00:00,22.0,,,,
Soil_Moisture_Retrieval_Data_AM_retrieval_qual_flag_2024358_aid0001,aid0001,2024-12-23 00:00:00+00:00,22.0,,,,
Soil_Moisture_Retrieval_Data_AM_retrieval_qual_flag_2024359_aid0001,aid0001,2024-12-24 00:00:00+00:00,,19.0,2.0,1.0,
Soil_Moisture_Retrieval_Data_AM_retrieval_qual_flag_2024360_aid0001,aid0001,2024-12-25 00:00:00+00:00,22.0,,,,
Soil_Moisture_Retrieval_Data_AM_retrieval_qual_flag_2024361_aid0001,aid0001,2024-12-26 00:00:00+00:00,22.0,,,,
Soil_Moisture_Retrieval_Data_AM_retrieval_qual_flag_2024362_aid0001,aid0001,2024-12-27 00:00:00+00:00,,18.0,2.0,2.0,
Soil_Moisture_Retrieval_Data_AM_retrieval_qual_flag_2024363_aid0001,aid0001,2024-12-28 00:00:00+00:00,14.0,5.0,2.0,1.0,
Soil_Moisture_Retrieval_Data_AM_retrieval_qual_flag_2024364_aid0001,aid0001,2024-12-29 00:00:00+00:00,22.0,,,,
Soil_Moisture_Retrieval_Data_AM_retrieval_qual_flag_2024365_aid0001,aid0001,2024-12-30 00:00:00+00:00,,19.0,2.0,1.0,
Soil_Moisture_Retrieval_Data_AM_retrieval_qual_flag_2024366_aid0001,aid0001,2024-12-31 00:00:00+00:00,22.0,,,,
Soil_Moisture_Retrieval_Data_AM_retrieval_qual_flag_2025001_aid0001,aid0001,2025-01-01 00:00:00+00:00,2.0,18.0,2.0,,
Soil_Moisture_Retrieval_Data_AM_retrieval_qual_flag_2025002_aid0001,aid0001,2025-01-02 00:00:00+00:00,22.0,,,,
Soil_Moisture_Retrieval_Data_AM_retrieval_qual_flag_2025003_aid0001,aid0001,2025-01-03 00:00:00+00:00,22.0,,,,
Soil_Moisture_Retrieval_Data_AM_retrieval_qual_flag_2025004_aid0001,aid0001,2025-01-04 00:00:00+00:00,,19.0,2.0,1.0,
Soil_Moisture_Retrieval_Data_AM_retrieval_qual_flag_2025005_aid0001,aid0001,2025-01-05 00:00:00+00:00,14.0,5.0,2.0,1.0,
Soil_Moisture_Retrieval_Data_AM_retrieval_qual_flag_2025006_aid0001,aid0001,2025-01-06 00:00:00+00:00,22.0,,,,
Soil_Moisture_Retrieval_Data_AM_retrieval_qual_flag_2025007_aid0001,aid0001,2025-01-07 00:00:00+00:00,2.0,17.0,3.0,,
Soil_Moisture_Retrieval_Data_AM_retrieval_qual_flag_2025008_aid0001,aid0001,2025-01-08 00:00:00+00:00,22.0,,,,
Soil_Moisture_Retrieval_Data_AM_retrieval_qual_flag_2025009_aid0001,aid0001,2025-01-09 00:00:00+00:00,,19.0,3.0,,
Soil_Moisture_Retrieval_Data_AM_retrieval_qual_flag_2025010_aid0001,aid0001,2025-01-10 00:00:00+00:00,22.0,,,,
Soil_Moisture_Retrieval_Data_AM_retrieval_qual_flag_2025011_aid0001,aid0001,2025-01-11 00:00:00+00:00,22.0,,,,
Soil_Moisture_Retrieval_Data_AM_retrieval_qual_flag_2025012_aid0001,aid0001,2025-01-12 00:00:00+00:00,,19.0,1.0,2.0,
Soil_Moisture_Retrieval_Data_AM_retrieval_qual_flag_2025013_aid0001,aid0001,2025-01-13 00:00:00+00:00,22.0,,,,
Soil_Moisture_Retrieval_Data_AM_retrieval_qual_flag_2025014_aid0001,aid0001,2025-01-14 00:00:00+00:00,22.0,,,,
Soil_Moisture_Retrieval_Data_AM_retrieval_qual_flag_2025015_aid0001,aid0001,2025-01-15 00:00:00+00:00,,19.0,2.0,1.0,
Soil_Moisture_Retrieval_Data_AM_retrieval_qual_flag_2025016_aid0001,aid0001,2025-01-16 00:00:00+00:00,22.0,,,,
Soil_Moisture_Retrieval_Data_AM_retrieval_qual_flag_2025017_aid0001,aid0001,2025-01-17 00:00:00+00:00,3.0,18.0,1.0,,
Soil_Moisture_Retrieval_Data_AM_retrieval_qual_flag_2025018_aid0001,aid0001,2025-01-18 00:00:00+00:00,22.0,,,,
Soil_Moisture_Retrieval_Data_AM_retrieval_qual_flag_2025019_aid0001,aid0001,2025-01-19 00:00:00+00:00,22.0,,,,
Soil_Moisture_Retrieval_Data_AM_retrieval_qual_flag_2025020_aid0001,aid0001,2025-01-20 00:00:00+00:00,,19.0,2.0,1.0,
Soil_Moisture_Retrieval_Data_AM_retrieval_qual_flag_2025021_aid0001,aid0001,2025-01-21 00:00:00+00:00,15.0,4.0,2.0,1.0,
Soil_Moisture_Retrieval_Data_AM_retrieval_qual_flag_2025022_aid0001,aid0001,2025-01-22 00:00:00+00:00,22.0,,,,
Soil_Moisture_Retrieval_Data_AM_retrieval_qual_flag_2025023_aid0001,aid0001,2025-01-23 00:00:00+00:00,,19.0,2.0,1.0,
Soil_Moisture_Retrieval_Data_AM_retrieval_qual_flag_2025024_aid0001,aid0001,2025-01-24 00:00:00+00:00,22.0,,,,
Soil_Moisture_Retrieval_Data_AM_retrieval_qual_flag_2025025_aid0001,aid0001,2025-01-25 00:00:00+00:00,,19.0,3.0,,
Soil_Moisture_Retrieval_Data_AM_retrieval_qual_flag_2025026_aid0001,aid0001,2025-01-26 00:00:00+00:00,22.0,,,,
Soil_Moisture_Retrieval_Data_AM_retrieval_qual_flag_2025027_aid0001,aid0001,2025-01-27 00:00:00+00:00,22.0,,,,
Soil_Moisture_Retrieval_Data_AM_retrieval_qual_flag_2025028_aid0001,aid0001,2025-01-28 00:00:00+00:00,,19.0,2.0,1.0,
Soil_Moisture_Retrieval_Data_AM_retrieval_qual_flag_2025029_aid0001,aid0001,2025-01-29 00:00:00+00:00,14.0,5.0,2.0,1.0,
Soil_Moisture_Retrieval_Data_AM_retrieval_qual_flag_2025030_aid0001,aid0001,2025-01-30 00:00:00+00:00,22.0,,,,
Soil_Moisture_Retrieval_Data_AM_retrieval_qual_flag_2025031_aid0001,aid0001,2025-01-31 00:00:00+00:00,,19.0,2.0,1.0,
Soil_Moisture_Retrieval_Data_AM_retrieval_qual_flag_2025032_aid0001,aid0001,2025-02-01 00:00:00+00:00,22.0,,,,
Soil_Moisture_Retrieval_Data_AM_retrieval_qual_flag_2025033_aid0001,aid0001,2025-02-02 00:00:00+00:00,,19.0,2.0,1.0,
Soil_Moisture_Retrieval_Data_AM_retrieval_qual_flag_2025034_aid0001,aid0001,2025-02-03 00:00:00+00:00,22.0,,,,
Soil_Moisture_Retrieval_Data_AM_retrieval_qual_flag_2025035_aid0001,aid0001,2025-02-04 00:00:00+00:00,22.0,,,,
Soil_Moisture_Retrieval_Data_AM_retrieval_qual_flag_2025036_aid0001,aid0001,2025-02-05 00:00:00+00:00,,18.0,2.0,2.0,
Soil_Moisture_Retrieval_Data_AM_retrieval_qual_flag_2025037_aid0001,aid0001,2025-02-06 00:00:00+00:00,14.0,4.0,2.0,2.0,
Soil_Moisture_Retrieval_Data_AM_retrieval_qual_flag_2025038_aid0001,aid0001,2025-02-07 00:00:00+00:00,22.0,,,,
Soil_Moisture_Retrieval_Data_AM_retrieval_qual_flag_2025039_aid0001,aid0001,2025-02-08 00:00:00+00:00,,19.0,2.0,1.0,
Soil_Moisture_Retrieval_Data_AM_retrieval_qual_flag_2025040_aid0001,aid0001,2025-02-09 00:00:00+00:00,22.0,,,,
Soil_Moisture_Retrieval_Data_AM_retrieval_qual_flag_2025041_aid0001,aid0001,2025-02-10 00:00:00+00:00,,10.0,3.0,9.0,
Soil_Moisture_Retrieval_Data_AM_retrieval_qual_flag_2025042_aid0001,aid0001,2025-02-11 00:00:00+00:00,22.0,,,,
Soil_Moisture_Retrieval_Data_AM_retrieval_qual_flag_2025043_aid0001,aid0001,2025-02-12 00:00:00+00:00,22.0,,,,
Soil_Moisture_Retrieval_Data_AM_retrieval_qual_flag_2025044_aid0001,aid0001,2025-02-13 00:00:00+00:00,,14.0,1.0,7.0,
Soil_Moisture_Retrieval_Data_AM_retrieval_qual_flag_2025045_aid0001,aid0001,2025-02-14 00:00:00+00:00,13.0,4.0,1.0,4.0,
Soil_Moisture_Retrieval_Data_AM_retrieval_qual_flag_2025046_aid0001,aid0001,2025-02-15 00:00:00+00:00,22.0,,,,
Soil_Moisture_Retrieval_Data_AM_retrieval_qual_flag_2025047_aid0001,aid0001,2025-02-16 00:00:00+00:00,,19.0,2.0,1.0,
Soil_Moisture_Retrieval_Data_AM_retrieval_qual_flag_2025048_aid0001,aid0001,2025-02-17 00:00:00+00:00,22.0,,,,
Soil_Moisture_Retrieval_Data_AM_retrieval_qual_flag_2025049_aid0001,aid0001,2025-02-18 00:00:00+00:00,,10.0,1.0,11.0,
Soil_Moisture_Retrieval_Data_AM_retrieval_qual_flag_2025050_aid0001,aid0001,2025-02-19 00:00:00+00:00,22.0,,,,
Soil_Moisture_Retrieval_Data_AM_retrieval_qual_flag_2025051_aid0001,aid0001,2025-02-20 00:00:00+00:00,22.0,,,,
Soil_Moisture_Retrieval_Data_AM_retrieval_qual_flag_2025052_aid0001,aid0001,2025-02-21 00:00:00+00:00,1.0,14.0,,7.0,
Soil_Moisture_Retrieval_Data_AM_retrieval_qual_flag_2025053_aid0001,aid0001,2025-02-22 00:00:00+00:00,14.0,5.0,2.0,1.0,
Soil_Moisture_Retrieval_Data_AM_retrieval_qual_flag_2025054_aid0001,aid0001,2025-02-23 00:00:00+00:00,22.0,,,,
Soil_Moisture_Retrieval_Data_AM_retrieval_qual_flag_2025055_aid0001,aid0001,2025-02-24 00:00:00+00:00,,18.0,2.0,2.0,
Soil_Moisture_Retrieval_Data_AM_retrieval_qual_flag_2025056_aid0001,aid0001,2025-02-25 00:00:00+00:00,22.0,,,,
Soil_Moisture_Retrieval_Data_AM_retrieval_qual_flag_2025057_aid0001,aid0001,2025-02-26 00:00:00+00:00,,12.0,1.0,9.0,
Soil_Moisture_Retrieval_Data_AM_retrieval_qual_flag_2025058_aid0001,aid0001,2025-02-27 00:00:00+00:00,22.0,,,,
Soil_Moisture_Retrieval_Data_AM_retrieval_qual_flag_2025059_aid0001,aid0001,2025-02-28 00:00:00+00:00,22.0,,,,
Soil_Moisture_Retrieval_Data_AM_retrieval_qual_flag_2025060_aid0001,aid0001,2025-03-01 00:00:00+00:00,1.0,15.0,1.0,5.0,
Soil_Moisture_Retrieval_Data_AM_retrieval_qual_flag_2025061_aid0001,aid0001,2025-03-02 00:00:00+00:00,14.0,5.0,3.0,,
Soil_Moisture_Retrieval_Data_AM_retrieval_qual_flag_2025062_aid0001,aid0001,2025-03-03 00:00:00+00:00,22.0,,,,
Soil_Moisture_Retrieval_Data_AM_retrieval_qual_flag_2025063_aid0001,aid0001,2025-03-04 00:00:00+00:00,,18.0,2.0,2.0,
Soil_Moisture_Retrieval_Data_AM_retrieval_qual_flag_2025064_aid0001,aid0001,2025-03-05 00:00:00+00:00,22.0,,,,
Soil_Moisture_Retrieval_Data_AM_retrieval_qual_flag_2025065_aid0001,aid0001,2025-03-06 00:00:00+00:00,,13.0,2.0,7.0,
Soil_Moisture_Retrieval_Data_AM_retrieval_qual_flag_2025066_aid0001,aid0001,2025-03-07 00:00:00+00:00,22.0,,,,
Soil_Moisture_Retrieval_Data_AM_retrieval_qual_flag_2025067_aid0001,aid0001,2025-03-08 00:00:00+00:00,22.0,,,,
Soil_Moisture_Retrieval_Data_AM_retrieval_qual_flag_2025068_aid0001,aid0001,2025-03-09 00:00:00+00:00,,15.0,1.0,6.0,
Soil_Moisture_Retrieval_Data_AM_retrieval_qual_flag_2025069_aid0001,aid0001,2025-03-10 00:00:00+00:00,14.0,5.0,2.0,1.0,
Soil_Moisture_Retrieval_Data_AM_retrieval_qual_flag_2025070_aid0001,aid0001,2025-03-11 00:00:00+00:00,22.0,,,,
Soil_Moisture_Retrieval_Data_AM_retrieval_qual_flag_2025071_aid0001,aid0001,2025-03-12 00:00:00+00:00,,14.0,,8.0,
Soil_Moisture_Retrieval_Data_AM_retrieval_qual_flag_2025072_aid0001,aid0001,2025-03-13 00:00:00+00:00,22.0,,,,
Soil_Moisture_Retrieval_Data_AM_retrieval_qual_flag_2025073_aid0001,aid0001,2025-03-14 00:00:00+00:00,,18.0,2.0,2.0,
Soil_Moisture_Retrieval_Data_AM_retrieval_qual_flag_2025074_aid0001,aid0001,2025-03-15 00:00:00+00:00,22.0,,,,
Soil_Moisture_Retrieval_Data_AM_retrieval_qual_flag_2025075_aid0001,aid0001,2025-03-16 00:00:00+00:00,22.0,,,,
Soil_Moisture_Retrieval_Data_AM_retrieval_qual_flag_2025076_aid0001,aid0001,2025-03-17 00:00:00+00:00,,18.0,,4.0,
Soil_Moisture_Retrieval_Data_AM_retrieval_qual_flag_2025078_aid0001,aid0001,2025-03-19 00:00:00+00:00,22.0,,,,
Soil_Moisture_Retrieval_Data_AM_retrieval_qual_flag_2025079_aid0001,aid0001,2025-03-20 00:00:00+00:00,,12.0,,10.0,
Soil_Moisture_Retrieval_Data_AM_retrieval_qual_flag_2025080_aid0001,aid0001,2025-03-21 00:00:00+00:00,22.0,,,,
Soil_Moisture_Retrieval_Data_AM_retrieval_qual_flag_2025081_aid0001,aid0001,2025-03-22 00:00:00+00:00,,19.0,2.0,1.0,
Soil_Moisture_Retrieval_Data_AM_retrieval_qual_flag_2025082_aid0001,aid0001,2025-03-23 00:00:00+00:00,22.0,,,,
Soil_Moisture_Retrieval_Data_AM_retrieval_qual_flag_2025083_aid0001,aid0001,2025-03-24 00:00:00+00:00,22.0,,,,
Soil_Moisture_Retrieval_Data_AM_retrieval_qual_flag_2025084_aid0001,aid0001,2025-03-25 00:00:00+00:00,1.0,17.0,,4.0,
Soil_Moisture_Retrieval_Data_AM_retrieval_qual_flag_2025085_aid0001,aid0001,2025-03-26 00:00:00+00:00,13.0,3.0,2.0,4.0,
Soil_Moisture_Retrieval_Data_AM_retrieval_qual_flag_2025086_aid0001,aid0001,2025-03-27 00:00:00+00:00,22.0,,,,
Soil_Moisture_Retrieval_Data_AM_retrieval_qual_flag_2025087_aid0001,aid0001,2025-03-28 00:00:00+00:00,,12.0,,10.0,
Soil_Moisture_Retrieval_Data_AM_retrieval_qual_flag_2025088_aid0001,aid0001,2025-03-29 00:00:00+00:00,22.0,,,,
Soil_Moisture_Retrieval_Data_AM_retrieval_qual_flag_2025089_aid0001,aid0001,2025-03-30 00:00:00+00:00,1.0,17.0,2.0,2.0,
Soil_Moisture_Retrieval_Data_AM_retrieval_qual_flag_2025090_aid0001,aid0001,2025-03-31 00:00:00+00:00,22.0,,,,
Soil_Moisture_Retrieval_Data_AM_retrieval_qual_flag_2025091_aid0001,aid0001,2025-04-01 00:00:00+00:00,22.0,,,,
Soil_Moisture_Retrieval_Data_AM_retrieval_qual_flag_2025092_aid0001,aid0001,2025-04-02 00:00:00+00:00,1.0,16.0,,5.0,
Soil_Moisture_Retrieval_Data_AM_retrieval_qual_flag_2025093_aid0001,aid0001,2025-04-03 00:00:00+00:00,13.0,3.0,1.0,5.0,
Soil_Moisture_Retrieval_Data_AM_retrieval_qual_flag_2025094_aid0001,aid0001,2025-04-04 00:00:00+00:00,22.0,,,,
Soil_Moisture_Retrieval_Data_AM_retrieval_qual_flag_2025095_aid0001,aid0001,2025-04-05 00:00:00+00:00,,10.0,,12.0,
Soil_Moisture_Retrieval_Data_AM_retrieval_qual_flag_2025096_aid0001,aid0001,2025-04-06 00:00:00+00:00,22.0,,,,
Soil_Moisture_Retrieval_Data_AM_retrieval_qual_flag_2025097_aid0001,aid0001,2025-04-07 00:00:00+00:00,,15.0,1.0,6.0,
Soil_Moisture_Retrieval_Data_AM_retrieval_qual_flag_2025098_aid0001,aid0001,2025-04-08 00:00:00+00:00,22.0,,,,
Soil_Moisture_Retrieval_Data_AM_retrieval_qual_flag_2025099_aid0001,aid0001,2025-04-09 00:00:00+00:00,22.0,,,,
Soil_Moisture_Retrieval_Data_AM_retrieval_qual_flag_2025100_aid0001,aid0001,2025-04-10 00:00:00+00:00,,15.0,1.0,6.0,
Soil_Moisture_Retrieval_Data_AM_retrieval_qual_flag_2025101_aid0001,aid0001,2025-04-11 00:00:00+00:00,14.0,2.0,1.0,5.0,
Soil_Moisture_Retrieval_Data_AM_retrieval_qual_flag_2025102_aid0001,aid0001,2025-04-12 00:00:00+00:00,22.0,,,,
Soil_Moisture_Retrieval_Data_AM_retrieval_qual_flag_2025103_aid0001,aid0001,2025-04-13 00:00:00+00:00,,8.0,,13.0,1.0
Soil_Moisture_Retrieval_Data_AM_retrieval_qual_flag_2025104_aid0001,aid0001,2025-04-14 00:00:00+00:00,22.0,,,,
Soil_Moisture_Retrieval_Data_AM_retrieval_qual_flag_2025105_aid0001,aid0001,2025-04-15 00:00:00+00:00,,11.0,2.0,9.0,
Soil_Moisture_Retrieval_Data_AM_retrieval_qual_flag_2025106_aid0001,aid0001,2025-04-16 00:00:00+00:00,22.0,,,,
Soil_Moisture_Retrieval_Data_AM_retrieval_qual_flag_2025107_aid0001,aid0001,2025-04-17 00:00:00+00:00,22.0,,,,
Soil_Moisture_Retrieval_Data_AM_retrieval_qual_flag_2025108_aid0001,aid0001,2025-04-18 00:00:00+00:00,,12.0,1.0,9.0,
Soil_Moisture_Retrieval_Data_AM_retrieval_qual_flag_2025109_aid0001,aid0001,2025-04-19 00:00:00+00:00,14.0,2.0,1.0,5.0,
Soil_Moisture_Retrieval_Data_AM_retrieval_qual_flag_2025110_aid0001,aid0001,2025-04-20 00:00:00+00:00,22.0,,,,
Soil_Moisture_Retrieval_Data_AM_retrieval_qual_flag_2025111_aid0001,aid0001,2025-04-21 00:00:00+00:00,,7.0,,15.0,
Soil_Moisture_Retrieval_Data_AM_retrieval_qual_flag_2025112_aid0001,aid0001,2025-04-22 00:00:00+00:00,22.0,,,,
Soil_Moisture_Retrieval_Data_AM_retrieval_qual_flag_2025113_aid0001,aid0001,2025-04-23 00:00:00+00:00,,12.0,2.0,8.0,
Soil_Moisture_Retrieval_Data_AM_retrieval_qual_flag_2025114_aid0001,aid0001,2025-04-24 00:00:00+00:00,22.0,,,,
Soil_Moisture_Retrieval_Data_AM_retrieval_qual_flag_2025115_aid0001,aid0001,2025-04-25 00:00:00+00:00,22.0,,,,
Soil_Moisture_Retrieval_Data_AM_retrieval_qual_flag_2025116_aid0001,aid0001,2025-04-26 00:00:00+00:00,1.0,11.0,,10.0,
Soil_Moisture_Retrieval_Data_AM_retrieval_qual_flag_2025117_aid0001,aid0001,2025-04-27 00:00:00+00:00,14.0,2.0,2.0,3.0,1.0
Soil_Moisture_Retrieval_Data_AM_retrieval_qual_flag_2025118_aid0001,aid0001,2025-04-28 00:00:00+00:00,22.0,,,,
Soil_Moisture_Retrieval_Data_AM_retrieval_qual_flag_2025119_aid0001,aid0001,2025-04-29 00:00:00+00:00,,9.0,,11.0,2.0
Soil_Moisture_Retrieval_Data_AM_retrieval_qual_flag_2025120_aid0001,aid0001,2025-04-30 00:00:00+00:00,22.0,,,,
Soil_Moisture_Retrieval_Data_AM_retrieval_qual_flag_2025121_aid0001,aid0001,2025-05-01 00:00:00+00:00,,14.0,1.0,6.0,1.0
Soil_Moisture_Retrieval_Data_AM_retrieval_qual_flag_2025122_aid0001,aid0001,2025-05-02 00:00:00+00:00,22.0,,,,
Soil_Moisture_Retrieval_Data_AM_retrieval_qual_flag_2025123_aid0001,aid0001,2025-05-03 00:00:00+00:00,22.0,,,,
Soil_Moisture_Retrieval_Data_AM_retrieval_qual_flag_2025124_aid0001,aid0001,2025-05-04 00:00:00+00:00,1.0,13.0,1.0,7.0,
Soil_Moisture_Retrieval_Data_AM_retrieval_qual_flag_2025125_aid0001,aid0001,2025-05-05 00:00:00+00:00,14.0,3.0,1.0,3.0,1.0
Soil_Moisture_Retrieval_Data_AM_retrieval_qual_flag_2025126_aid0001,aid0001,2025-05-06 00:00:00+00:00,22.0,,,,
Soil_Moisture_Retrieval_Data_AM_retrieval_qual_flag_2025127_aid0001,aid0001,2025-05-07 00:00:00+00:00,,10.0,1.0,10.0,1.0
Soil_Moisture_Retrieval_Data_AM_retrieval_qual_flag_2025128_aid0001,aid0001,2025-05-08 00:00:00+00:00,22.0,,,,
Soil_Moisture_Retrieval_Data_AM_retrieval_qual_flag_2025129_aid0001,aid0001,2025-05-09 00:00:00+00:00,,17.0,1.0,3.0,1.0
Soil_Moisture_Retrieval_Data_AM_retrieval_qual_flag_2025130_aid0001,aid0001,2025-05-10 00:00:00+00:00,22.0,,,,
Soil_Moisture_Retrieval_Data_AM_retrieval_qual_flag_2025131_aid0001,aid0001,2025-05-11 00:00:00+00:00,22.0,,,,
Soil_Moisture_Retrieval_Data_AM_retrieval_qual_flag_2025132_aid0001,aid0001,2025-05-12 00:00:00+00:00,1.0,16.0,,5.0,
Soil_Moisture_Retrieval_Data_AM_retrieval_qual_flag_2025133_aid0001,aid0001,2025-05-13 00:00:00+00:00,14.0,2.0,2.0,3.0,1.0
Soil_Moisture_Retrieval_Data_AM_retrieval_qual_flag_2025134_aid0001,aid0001,2025-05-14 00:00:00+00:00,22.0,,,,
Soil_Moisture_Retrieval_Data_AM_retrieval_qual_flag_2025135_aid0001,aid0001,2025-05-15 00:00:00+00:00,,9.0,,12.0,1.0
Soil_Moisture_Retrieval_Data_AM_retrieval_qual_flag_2025136_aid0001,aid0001,2025-05-16 00:00:00+00:00,22.0,,,,
Soil_Moisture_Retrieval_Data_AM_retrieval_qual_flag_2025137_aid0001,aid0001,2025-05-17 00:00:00+00:00,,17.0,3.0,2.0,
Soil_Moisture_Retrieval_Data_AM_retrieval_qual_flag_2025138_aid0001,aid0001,2025-05-18 00:00:00+00:00,22.0,,,,
Soil_Moisture_Retrieval_Data_AM_retrieval_qual_flag_2025139_aid0001,aid0001,2025-05-19 00:00:00+00:00,22.0,,,,
Soil_Moisture_Retrieval_Data_AM_retrieval_qual_flag_2025140_aid0001,aid0001,2025-05-20 00:00:00+00:00,3.0,8.0,2.0,7.0,2.0
Soil_Moisture_Retrieval_Data_AM_retrieval_qual_flag_2025141_aid0001,aid0001,2025-05-21 00:00:00+00:00,14.0,2.0,1.0,3.0,2.0
Soil_Moisture_Retrieval_Data_AM_retrieval_qual_flag_2025142_aid0001,aid0001,2025-05-22 00:00:00+00:00,22.0,,,,
Soil_Moisture_Retrieval_Data_AM_retrieval_qual_flag_2025143_aid0001,aid0001,2025-05-23 00:00:00+00:00,,7.0,1.0,13.0,1.0
Soil_Moisture_Retrieval_Data_AM_retrieval_qual_flag_2025144_aid0001,aid0001,2025-05-24 00:00:00+00:00,22.0,,,,
Soil_Moisture_Retrieval_Data_AM_retrieval_qual_flag_2025145_aid0001,aid0001,2025-05-25 00:00:00+00:00,,15.0,2.0,4.0,1.0
Soil_Moisture_Retrieval_Data_AM_retrieval_qual_flag_2025146_aid0001,aid0001,2025-05-26 00:00:00+00:00,22.0,,,,
Soil_Moisture_Retrieval_Data_AM_retrieval_qual_flag_2025147_aid0001,aid0001,2025-05-27 00:00:00+00:00,22.0,,,,
Soil_Moisture_Retrieval_Data_AM_retrieval_qual_flag_2025148_aid0001,aid0001,2025-05-28 00:00:00+00:00,,12.0,2.0,8.0,
Soil_Moisture_Retrieval_Data_AM_retrieval_qual_flag_2025149_aid0001,aid0001,2025-05-29 00:00:00+00:00,14.0,,4.0,3.0,1.0
Soil_Moisture_Retrieval_Data_AM_retrieval_qual_flag_2025150_aid0001,aid0001,2025-05-30 00:00:00+00:00,22.0,,,,
Soil_Moisture_Retrieval_Data_AM_retrieval_qual_flag_2025151_aid0001,aid0001,2025-05-31 00:00:00+00:00,,13.0,2.0,7.0,
Soil_Moisture_Retrieval_Data_AM_retrieval_qual_flag_2025152_aid0001,aid0001,2025-06-01 00:00:00+00:00,22.0,,,,
Soil_Moisture_Retrieval_Data_AM_retrieval_qual_flag_2025153_aid0001,aid0001,2025-06-02 00:00:00+00:00,1.0,8.0,3.0,10.0,
Soil_Moisture_Retrieval_Data_AM_retrieval_qual_flag_2025154_aid0001,aid0001,2025-06-03 00:00:00+00:00,22.0,,,,
Soil_Moisture_Retrieval_Data_AM_retrieval_qual_flag_2025155_aid0001,aid0001,2025-06-04 00:00:00+00:00,22.0,,,,
Soil_Moisture_Retrieval_Data_AM_retrieval_qual_flag_2025156_aid0001,aid0001,2025-06-05 00:00:00+00:00,,15.0,2.0,4.0,1.0
Soil_Moisture_Retrieval_Data_AM_retrieval_qual_flag_2025157_aid0001,aid0001,2025-06-06 00:00:00+00:00,14.0,3.0,2.0,2.0,1.0
Soil_Moisture_Retrieval_Data_AM_retrieval_qual_flag_2025158_aid0001,aid0001,2025-06-07 00:00:00+00:00,22.0,,,,
Soil_Moisture_Retrieval_Data_AM_retrieval_qual_flag_2025159_aid0001,aid0001,2025-06-08 00:00:00+00:00,,15.0,1.0,5.0,1.0
Soil_Moisture_Retrieval_Data_AM_retrieval_qual_flag_2025160_aid0001,aid0001,2025-06-09 00:00:00+00:00,22.0,,,,
Soil_Moisture_Retrieval_Data_AM_retrieval_qual_flag_2025161_aid0001,aid0001,2025-06-10 00:00:00+00:00,,19.0,3.0,,
Soil_Moisture_Retrieval_Data_AM_retrieval_qual_flag_2025162_aid0001,aid0001,2025-06-11 00:00:00+00:00,22.0,,,,
Soil_Moisture_Retrieval_Data_AM_retrieval_qual_flag_2025163_aid0001,aid0001,2025-06-12 00:00:00+00:00,22.0,,,,
Soil_Moisture_Retrieval_Data_AM_retrieval_qual_flag_2025164_aid0001,aid0001,2025-06-13 00:00:00+00:00,22.0,,,,
Soil_Moisture_Retrieval_Data_AM_retrieval_qual_flag_2025165_aid0001,aid0001,2025-06-14 00:00:00+00:00,15.0,4.0,2.0,,1.0
Soil_Moisture_Retrieval_Data_AM_retrieval_qual_flag_2025166_aid0001,aid0001,2025-06-15 00:00:00+00:00,22.0,,,,
Soil_Moisture_Retrieval_Data_AM_retrieval_qual_flag_2025167_aid0001,aid0001,2025-06-16 00:00:00+00:00,,17.0,2.0,2.0,1.0
Soil_Moisture_Retrieval_Data_AM_retrieval_qual_flag_2025168_aid0001,aid0001,2025-06-17 00:00:00+00:00,22.0,,,,
Soil_Moisture_Retrieval_Data_AM_retrieval_qual_flag_2025169_aid0001,aid0001,2025-06-18 00:00:00+00:00,,19.0,3.0,,
Soil_Moisture_Retrieval_Data_AM_retrieval_qual_flag_2025170_aid0001,aid0001,2025-06-19 00:00:00+00:00,22.0,,,,
Soil_Moisture_Retrieval_Data_AM_retrieval_qual_flag_2025171_aid0001,aid0001,2025-06-20 00:00:00+00:00,22.0,,,,
Soil_Moisture_Retrieval_Data_AM_retrieval_qual_flag_2025172_aid0001,aid0001,2025-06-21 00:00:00+00:00,,11.0,10.0,1.0,
Soil_Moisture_Retrieval_Data_AM_retrieval_qual_flag_2025173_aid0001,aid0001,2025-06-22 00:00:00+00:00,16.0,3.0,2.0,1.0,
Soil_Moisture_Retrieval_Data_AM_retrieval_qual_flag_2025174_aid0001,aid0001,2025-06-23 00:00:00+00:00,22.0,,,,
Soil_Moisture_Retrieval_Data_AM_retrieval_qual_flag_2025175_aid0001,aid0001,2025-06-24 00:00:00+00:00,2.0,,4.0,15.0,1.0
Soil_Moisture_Retrieval_Data_AM_retrieval_qual_flag_2025176_aid0001,aid0001,2025-06-25 00:00:00+00:00,22.0,,,,
Soil_Moisture_Retrieval_Data_AM_retrieval_qual_flag_2025177_aid0001,aid0001,2025-06-26 00:00:00+00:00,1.0,12.0,2.0,7.0,
Soil_Moisture_Retrieval_Data_AM_retrieval_qual_flag_2025178_aid0001,aid0001,2025-06-27 00:00:00+00:00,22.0,,,,
Soil_Moisture_Retrieval_Data_AM_retrieval_qual_flag_2025179_aid0001,aid0001,2025-06-28 00:00:00+00:00,22.0,,,,
Soil_Moisture_Retrieval_Data_AM_retrieval_qual_flag_2025180_aid0001,aid0001,2025-06-29 00:00:00+00:00,,16.0,2.0,3.0,1.0
Soil_Moisture_Retrieval_Data_AM_retrieval_qual_flag_2025181_aid0001,aid0001,2025-06-30 00:00:00+00:00,14.0,5.0,2.0,,1.0
Soil_Moisture_Retrieval_Data_AM_retrieval_qual_flag_2025182_aid0001,aid0001,2025-07-01 00:00:00+00:00,22.0,,,,
Soil_Moisture_Retrieval_Data_AM_retrieval_qual_flag_2025183_aid0001,aid0001,2025-07-02 00:00:00+00:00,,16.0,,6.0,
Soil_Moisture_Retrieval_Data_AM_retrieval_qual_flag_2025184_aid0001,aid0001,2025-07-03 00:00:00+00:00,22.0,,,,
Soil_Moisture_Retrieval_Data_AM_retrieval_qual_flag_2025185_aid0001,aid0001,2025-07-04 00:00:00+00:00,,19.0,2.0,,1.0
Soil_Moisture_Retrieval_Data_AM_retrieval_qual_flag_2025186_aid0001,aid0001,2025-07-05 00:00:00+00:00,22.0,,,,
Soil_Moisture_Retrieval_Data_AM_retrieval_qual_flag_2025187_aid0001,aid0001,2025-07-06 00:00:00+00:00,22.0,,,,
Soil_Moisture_Retrieval_Data_AM_retrieval_qual_flag_2025188_aid0001,aid0001,2025-07-07 00:00:00+00:00,,11.0,2.0,9.0,
Soil_Moisture_Retrieval_Data_AM_retrieval_qual_flag_2025189_aid0001,aid0001,2025-07-08 00:00:00+00:00,14.0,3.0,3.0,1.0,1.0
Soil_Moisture_Retrieval_Data_AM_retrieval_qual_flag_2025190_aid0001,aid0001,2025-07-09 00:00:00+00:00,22.0,,,,
Soil_Moisture_Retrieval_Data_AM_retrieval_qual_flag_2025191_aid0001,aid0001,2025-07-10 00:00:00+00:00,,16.0,,6.0,
Soil_Moisture_Retrieval_Data_AM_retrieval_qual_flag_2025192_aid0001,aid0001,2025-07-11 00:00:00+00:00,22.0,,,,
Soil_Moisture_Retrieval_Data_AM_retrieval_qual_flag_2025193_aid0001,aid0001,2025-07-12 00:00:00+00:00,,16.0,3.0,3.0,
Soil_Moisture_Retrieval_Data_AM_retrieval_qual_flag_2025194_aid0001,aid0001,2025-07-13 00:00:00+00:00,22.0,,,,
Soil_Moisture_Retrieval_Data_AM_retrieval_qual_flag_2025195_aid0001,aid0001,2025-07-14 00:00:00+00:00,22.0,,,,
Soil_Moisture_Retrieval_Data_AM_retrieval_qual_flag_2025196_aid0001,aid0001,2025-07-15 00:00:00+00:00,,9.0,3.0,10.0,
Soil_Moisture_Retrieval_Data_AM_retrieval_qual_flag_2025197_aid0001,aid0001,2025-07-16 00:00:00+00:00,14.0,4.0,3.0,1.0,
Soil_Moisture_Retrieval_Data_AM_retrieval_qual_flag_2025198_aid0001,aid0001,2025-07-17 00:00:00+00:00,22.0,,,,
Soil_Moisture_Retrieval_Data_AM_retrieval_qual_flag_2025199_aid0001,aid0001,2025-07-18 00:00:00+00:00,,8.0,1.0,13.0,
Soil_Moisture_Retrieval_Data_AM_retrieval_qual_flag_2025200_aid0001,aid0001,2025-07-19 00:00:00+00:00,22.0,,,,
Soil_Moisture_Retrieval_Data_AM_retrieval_qual_flag_2025201_aid0001,aid0001,2025-07-20 00:00:00+00:00,,1.0,2.0,18.0,1.0
Soil_Moisture_Retrieval_Data_AM_retrieval_qual_flag_2025202_aid0001,aid0001,2025-07-21 00:00:00+00:00,22.0,,,,
Soil_Moisture_Retrieval_Data_AM_retrieval_qual_flag_2025203_aid0001,aid0001,2025-07-22 00:00:00+00:00,22.0,,,,
Soil_Moisture_Retrieval_Data_AM_retrieval_qual_flag_2025204_aid0001,aid0001,2025-07-23 00:00:00+00:00,,3.0,2.0,17.0,
Soil_Moisture_Retrieval_Data_AM_retrieval_qual_flag_2025205_aid0001,aid0001,2025-07-24 00:00:00+00:00,13.0,2.0,3.0,4.0,
Soil_Moisture_Retrieval_Data_AM_retrieval_qual_flag_2025206_aid0001,aid0001,2025-07-25 00:00:00+00:00,22.0,,,,
Soil_Moisture_Retrieval_Data_AM_retrieval_qual_flag_2025207_aid0001,aid0001,2025-07-26 00:00:00+00:00,,7.0,3.0,12.0,
Soil_Moisture_Retrieval_Data_AM_retrieval_qual_flag_2025208_aid0001,aid0001,2025-07-27 00:00:00+00:00,22.0,,,,
Soil_Moisture_Retrieval_Data_AM_retrieval_qual_flag_2025209_aid0001,aid0001,2025-07-28 00:00:00+00:00,,,2.0,20.0,
Soil_Moisture_Retrieval_Data_AM_retrieval_qual_flag_2025210_aid0001,aid0001,2025-07-29 00:00:00+00:00,22.0,,,,
Soil_Moisture_Retrieval_Data_AM_retrieval_qual_flag_2025211_aid0001,aid0001,2025-07-30 00:00:00+00:00,22.0,,,,
Soil_Moisture_Retrieval_Data_AM_retrieval_qual_flag_2025212_aid0001,aid0001,2025-07-31 00:00:00+00:00,,2.0,2.0,18.0,
Soil_Moisture_Retrieval_Data_AM_retrieval_qual_flag_2025213_aid0001,aid0001,2025-08-01 00:00:00+00:00,13.0,,2.0,7.0,
Soil_Moisture_Retrieval_Data_AM_retrieval_qual_flag_2025214_aid0001,aid0001,2025-08-02 00:00:00+00:00,22.0,,,,
Soil_Moisture_Retrieval_Data_AM_retrieval_qual_flag_2025215_aid0001,aid0001,2025-08-03 00:00:00+00:00,1.0,1.0,3.0,17.0,
Soil_Moisture_Retrieval_Data_AM_retrieval_qual_flag_2025216_aid0001,aid0001,2025-08-04 00:00:00+00:00,22.0,,,,
Soil_Moisture_Retrieval_Data_AM_retrieval_qual_flag_2025217_aid0001,aid0001,2025-08-05 00:00:00+00:00,,,2.0,20.0,
Soil_Moisture_Retrieval_Data_AM_retrieval_qual_flag_2025218_aid0001,aid0001,2025-08-06 00:00:00+00:00,22.0,,,,
Soil_Moisture_Retrieval_Data_AM_retrieval_qual_flag_2025219_aid0001,aid0001,2025-08-07 00:00:00+00:00,22.0,,,,
Soil_Moisture_Retrieval_Data_AM_retrieval_qual_flag_2025220_aid0001,aid0001,2025-08-08 00:00:00+00:00,1.0,1.0,2.0,18.0,
Soil_Moisture_Retrieval_Data_AM_retrieval_qual_flag_2025221_aid0001,aid0001,2025-08-09 00:00:00+00:00,12.0,,1.0,9.0,
Soil_Moisture_Retrieval_Data_AM_retrieval_qual_flag_2025222_aid0001,aid0001,2025-08-10 00:00:00+00:00,22.0,,,,
Soil_Moisture_Retrieval_Data_AM_retrieval_qual_flag_2025223_aid0001,aid0001,2025-08-11 00:00:00+00:00,,2.0,,19.0,1.0
Soil_Moisture_Retrieval_Data_AM_retrieval_qual_flag_2025224_aid0001,aid0001,2025-08-12 00:00:00+00:00,22.0,,,,
Soil_Moisture_Retrieval_Data_AM_retrieval_qual_flag_2025225_aid0001,aid0001,2025-08-13 00:00:00+00:00,,,1.0,21.0,
Soil_Moisture_Retrieval_Data_AM_retrieval_qual_flag_2025226_aid0001,aid0001,2025-08-14 00:00:00+00:00,22.0,,,,
Soil_Moisture_Retrieval_Data_AM_retrieval_qual_flag_2025227_aid0001,aid0001,2025-08-15 00:00:00+00:00,22.0,,,,
Soil_Moisture_Retrieval_Data_AM_retrieval_qual_flag_2025228_aid0001,aid0001,2025-08-16 00:00:00+00:00,1.0,1.0,1.0,19.0,
Soil_Moisture_Retrieval_Data_AM_retrieval_qual_flag_2025229_aid0001,aid0001,2025-08-17 00:00:00+00:00,13.0,2.0,1.0,6.0,
Soil_Moisture_Retrieval_Data_AM_retrieval_qual_flag_2025230_aid0001,aid0001,2025-08-18 00:00:00+00:00,22.0,,,,
Soil_Moisture_Retrieval_Data_AM_retrieval_qual_flag_2025231_aid0001,aid0001,2025-08-19 00:00:00+00:00,,5.0,1.0,16.0,
Soil_Moisture_Retrieval_Data_AM_retrieval_qual_flag_2025232_aid0001,aid0001,2025-08-20 00:00:00+00:00,22.0,,,,
Soil_Moisture_Retrieval_Data_AM_retrieval_qual_flag_2025233_aid0001,aid0001,2025-08-21 00:00:00+00:00,,3.0,5.0,13.0,1.0
Soil_Moisture_Retrieval_Data_AM_retrieval_qual_flag_2025234_aid0001,aid0001,2025-08-22 00:00:00+00:00,22.0,,,,
Soil_Moisture_Retrieval_Data_AM_retrieval_qual_flag_2025235_aid0001,aid0001,2025-08-23 00:00:00+00:00,22.0,,,,
Soil_Moisture_Retrieval_Data_AM_retrieval_qual_flag_2025236_aid0001,aid0001,2025-08-24 00:00:00+00:00,,5.0,3.0,14.0,
Soil_Moisture_Retrieval_Data_AM_retrieval_qual_flag_2025237_aid0001,aid0001,2025-08-25 00:00:00+00:00,13.0,2.0,3.0,4.0,
Soil_Moisture_Retrieval_Data_AM_retrieval_qual_flag_2025238_aid0001,aid0001,2025-08-26 00:00:00+00:00,22.0,,,,
Soil_Moisture_Retrieval_Data_AM_retrieval_qual_flag_2025239_aid0001,aid0001,2025-08-27 00:00:00+00:00,,4.0,1.0,16.0,1.0
Soil_Moisture_Retrieval_Data_AM_retrieval_qual_flag_2025240_aid0001,aid0001,2025-08-28 00:00:00+00:00,22.0,,,,
Soil_Moisture_Retrieval_Data_AM_retrieval_qual_flag_2025241_aid0001,aid0001,2025-08-29 00:00:00+00:00,,6.0,3.0,12.0,1.0
Soil_Moisture_Retrieval_Data_AM_retrieval_qual_flag_2025242_aid0001,aid0001,2025-08-30 00:00:00+00:00,22.0,,,,
Soil_Moisture_Retrieval_Data_AM_retrieval_qual_flag_2025243_aid0001,aid0001,2025-08-31 00:00:00+00:00,22.0,,,,
Soil_Moisture_Retrieval_Data_AM_retrieval_qual_flag_2025244_aid0001,aid0001,2025-09-01 00:00:00+00:00,,6.0,1.0,15.0,
Soil_Moisture_Retrieval_Data_AM_retrieval_qual_flag_2025245_aid0001,aid0001,2025-09-02 00:00:00+00:00,14.0,2.0,2.0,3.0,1.0
Soil_Moisture_Retrieval_Data_AM_retrieval_qual_flag_2025246_aid0001,aid0001,2025-09-03 00:00:00+00:00,22.0,,,,
Soil_Moisture_Retrieval_Data_AM_retrieval_qual_flag_2025247_aid0001,aid0001,2025-09-04 00:00:00+00:00,,3.0,,18.0,1.0
Soil_Moisture_Retrieval_Data_AM_retrieval_qual_flag_2025248_aid0001,aid0001,2025-09-05 00:00:00+00:00,22.0,,,,
Soil_Moisture_Retrieval_Data_AM_retrieval_qual_flag_2025249_aid0001,aid0001,2025-09-06 00:00:00+00:00,1.0,7.0,2.0,11.0,1.0
Soil_Moisture_Retrieval_Data_AM_retrieval_qual_flag_2025250_aid0001,aid0001,2025-09-07 00:00:00+00:00,22.0,,,,
Soil_Moisture_Retrieval_Data_AM_retrieval_qual_flag_2025251_aid0001,aid0001,2025-09-08 00:00:00+00:00,22.0,,,,
Soil_Moisture_Retrieval_Data_AM_retrieval_qual_flag_2025252_aid0001,aid0001,2025-09-09 00:00:00+00:00,1.0,4.0,1.0,15.0,1.0
Soil_Moisture_Retrieval_Data_AM_retrieval_qual_flag_2025253_aid0001,aid0001,2025-09-10 00:00:00+00:00,14.0,1.0,1.0,5.0,1.0
Soil_Moisture_Retrieval_Data_AM_retrieval_qual_flag_2025254_aid0001,aid0001,2025-09-11 00:00:00+00:00,22.0,,,,
Soil_Moisture_Retrieval_Data_AM_retrieval_qual_flag_2025255_aid0001,aid0001,2025-09-12 00:00:00+00:00,,2.0,1.0,18.0,1.0
Soil_Moisture_Retrieval_Data_AM_retrieval_qual_flag_2025256_aid0001,aid0001,2025-09-13 00:00:00+00:00,22.0,,,,
Soil_Moisture_Retrieval_Data_AM_retrieval_qual_flag_2025257_aid0001,aid0001,2025-09-14 00:00:00+00:00,,4.0,5.0,13.0,
Soil_Moisture_Retrieval_Data_AM_retrieval_qual_flag_2025258_aid0001,aid0001,2025-09-15 00:00:00+00:00,22.0,,,,
Soil_Moisture_Retrieval_Data_AM_retrieval_qual_flag_2025259_aid0001,aid0001,2025-09-16 00:00:00+00:00,22.0,,,,
Soil_Moisture_Retrieval_Data_AM_retrieval_qual_flag_2025260_aid0001,aid0001,2025-09-17 00:00:00+00:00,1.0,2.0,3.0,16.0,
Soil_Moisture_Retrieval_Data_AM_retrieval_qual_flag_2025261_aid0001,aid0001,2025-09-18 00:00:00+00:00,15.0,1.0,1.0,4.0,1.0
Soil_Moisture_Retrieval_Data_AM_retrieval_qual_flag_2025262_aid0001,aid0001,2025-09-19 00:00:00+00:00,22.0,,,,
Soil_Moisture_Retrieval_Data_AM_retrieval_qual_flag_2025263_aid0001,aid0001,2025-09-20 00:00:00+00:00,,1.0,,20.0,1.0
Soil_Moisture_Retrieval_Data_AM_retrieval_qual_flag_2025264_aid0001,aid0001,2025-09-21 00:00:00+00:00,22.0,,,,
Soil_Moisture_Retrieval_Data_AM_retrieval_qual_flag_2025265_aid0001,aid0001,2025-09-22 00:00:00+00:00,,3.0,2.0,17.0,
Soil_Moisture_Retrieval_Data_AM_retrieval_qual_flag_2025266_aid0001,aid0001,2025-09-23 00:00:00+00:00,22.0,,,,
Soil_Moisture_Retrieval_Data_AM_retrieval_qual_flag_2025267_aid0001,aid0001,2025-09-24 00:00:00+00:00,22.0,,,,
Soil_Moisture_Retrieval_Data_AM_retrieval_qual_flag_2025268_aid0001,aid0001,2025-09-25 00:00:00+00:00,,5.0,,16.0,1.0
Soil_Moisture_Retrieval_Data_AM_retrieval_qual_flag_2025269_aid0001,aid0001,2025-09-26 00:00:00+00:00,22.0,,,,
Soil_Moisture_Retrieval_Data_AM_retrieval_qual_flag_2025270_aid0001,aid0001,2025-09-27 00:00:00+00:00,22.0,,,,
Soil_Moisture_Retrieval_Data_AM_retrieval_qual_flag_2025271_aid0001,aid0001,2025-09-28 00:00:00+00:00,,2.0,,18.0,2.0
Soil_Moisture_Retrieval_Data_AM_retrieval_qual_flag_2025272_aid0001,aid0001,2025-09-29 00:00:00+00:00,22.0,,,,
Soil_Moisture_Retrieval_Data_AM_retrieval_qual_flag_2025273_aid0001,aid0001,2025-09-30 00:00:00+00:00,,8.0,3.0,11.0,
Soil_Moisture_Retrieval_Data_AM_retrieval_qual_flag_2025274_aid0001,aid0001,2025-10-01 00:00:00+00:00,22.0,,,,
Soil_Moisture_Retrieval_Data_AM_retrieval_qual_flag_2025275_aid0001,aid0001,2025-10-02 00:00:00+00:00,22.0,,,,
