Value,MODLAND,VI Usefulness,Aerosol Quantity,Adjacent cloud detected,Atmosphere BRDF Correction,Mixed Clouds,Land/Water Mask,Possible snow/ice,Possible shadow
2061,"VI produced, but check other QA",Decreasing quality,Climatology,No,No,No,Land (Nothing else but land),No,No
2062,"Pixel produced, but most probably cloudy",Decreasing quality,Climatology,No,No,No,Land (Nothing else but land),No,No
2065,"VI produced, but check other QA",Decreasing quality,Climatology,No,No,No,Land (Nothing else but land),No,No
2066,"Pixel produced, but most probably cloudy",Decreasing quality,Climatology,No,No,No,Land (Nothing else but land),No,No
2070,"Pixel produced, but most probably cloudy",Decreasing quality,Climatology,No,No,No,Land (Nothing else but land),No,No
2111,Pixel not produced due to other reasons than clouds,Not useful for any other reason/not processed,Climatology,No,No,No,Land (Nothing else but land),No,No
2116,VI produced with good quality,Lower quality,Low,No,No,No,Land (Nothing else but land),No,No
2118,"Pixel produced, but most probably cloudy",Lower quality,Low,No,No,No,Land (Nothing else but land),No,No
2120,VI produced with good quality,Decreasing quality,Low,No,No,No,Land (Nothing else but land),No,No
2122,"Pixel produced, but most probably cloudy",Decreasing quality,Low,No,No,No,Land (Nothing else but land),No,No
2124,VI produced with good quality,Decreasing quality,Low,No,No,No,Land (Nothing else but land),No,No
2175,Pixel not produced due to other reasons than clouds,Not useful for any other reason/not processed,Low,No,No,No,Land (Nothing else but land),No,No
2185,"VI produced, but check other QA",Decreasing quality,Average,No,No,No,Land (Nothing else but land),No,No
2186,"Pixel produced, but most probably cloudy",Decreasing quality,Average,No,No,No,Land (Nothing else but land),No,No
2189,"VI produced, but check other QA",Decreasing quality,Average,No,No,No,Land (Nothing else but land),No,No
2190,"Pixel produced, but most probably cloudy",Decreasing quality,Average,No,No,No,Land (Nothing else but land),No,No
2193,"VI produced, but check other QA",Decreasing quality,Average,No,No,No,Land (Nothing else but land),No,No
2239,Pixel not produced due to other reasons than clouds,Not useful for any other reason/not processed,Average,No,No,No,Land (Nothing else but land),No,No
2257,"VI produced, but check other QA",Decreasing quality,High,No,No,No,Land (Nothing else but land),No,No
2258,"Pixel produced, but most probably cloudy",Decreasing quality,High,No,No,No,Land (Nothing else but land),No,No
2261,"VI produced, but check other QA",Decreasing quality,High,No,No,No,Land (Nothing else but land),No,No
2262,"Pixel produced, but most probably cloudy",Decreasing quality,High,No,No,No,Land (Nothing else but land),No,No
2265,"VI produced, but check other QA",Decreasing quality,High,No,No,No,Land (Nothing else but land),No,No
2266,"Pixel produced, but most probably cloudy",Decreasing quality,High,No,No,No,Land (Nothing else but land),No,No
2303,Pixel not produced due to other reasons than clouds,Not useful for any other reason/not processed,High,No,No,No,Land (Nothing else but land),No,No
2321,"VI produced, but check other QA",Decreasing quality,Climatology,Yes,No,No,Land (Nothing else but land),No,No
2322,"Pixel produced, but most probably cloudy",Decreasing quality,Climatology,Yes,No,No,Land (Nothing else but land),No,No
2325,"VI produced, but check other QA",Decreasing quality,Climatology,Yes,No,No,Land (Nothing else but land),No,No
2326,"Pixel produced, but most probably cloudy",Decreasing quality,Climatology,Yes,No,No,Land (Nothing else but land),No,No
2367,Pixel not produced due to other reasons than clouds,Not useful for any other reason/not processed,Climatology,Yes,No,No,Land (Nothing else but land),No,No
2376,VI produced with good quality,Decreasing quality,Low,Yes,No,No,Land (Nothing else but land),No,No
2378,"Pixel produced, but most probably cloudy",Decreasing quality,Low,Yes,No,No,Land (Nothing else but land),No,No
2380,VI produced with good quality,Decreasing quality,Low,Yes,No,No,Land (Nothing else but land),No,No
2382,"Pixel produced, but most probably cloudy",Decreasing quality,Low,Yes,No,No,Land (Nothing else but land),No,No
2431,Pixel not produced due to other reasons than clouds,Not useful for any other reason/not processed,Low,Yes,No,No,Land (Nothing else but land),No,No
2445,"VI produced, but check other QA",Decreasing quality,Average,Yes,No,No,Land (Nothing else but land),No,No
2446,"Pixel produced, but most probably cloudy",Decreasing quality,Average,Yes,No,No,Land (Nothing else but land),No,No
2449,"VI produced, but check other QA",Decreasing quality,Average,Yes,No,No,Land (Nothing else but land),No,No
2450,"Pixel produced, but most probably cloudy",Decreasing quality,Average,Yes,No,No,Land (Nothing else but land),No,No
2495,Pixel not produced due to other reasons than clouds,Not useful for any other reason/not processed,Average,Yes,No,No,Land (Nothing else but land),No,No
2517,"VI produced, but check other QA",Decreasing quality,High,Yes,No,No,Land (Nothing else but land),No,No
2518,"Pixel produced, but most probably cloudy",Decreasing quality,High,Yes,No,No,Land (Nothing else but land),No,No
2521,"VI produced, but check other QA",Decreasing quality,High,Yes,No,No,Land (Nothing else but land),No,No
2522,"Pixel produced, but most probably cloudy",Decreasing quality,High,Yes,No,No,Land (Nothing else but land),No,No
2526,"Pixel produced, but most probably cloudy",Decreasing quality,High,Yes,No,No,Land (Nothing else but land),No,No
2559,Pixel not produced due to other reasons than clouds,Not useful for any other reason/not processed,High,Yes,No,No,Land (Nothing else but land),No,No
3098,"Pixel produced, but most probably cloudy",Decreasing quality,Climatology,No,No,Yes,Land (Nothing else but land),No,No
3102,"Pixel produced, but most probably cloudy",Decreasing quality,Climatology,No,No,Yes,Land (Nothing else but land),No,No
3106,"Pixel produced, but most probably cloudy",Decreasing quality,Climatology,No,No,Yes,Land (Nothing else but land),No,No
3135,Pixel not produced due to other reasons than clouds,Not useful for any other reason/not processed,Climatology,No,No,Yes,Land (Nothing else but land),No,No
3154,"Pixel produced, but most probably cloudy",Decreasing quality,Low,No,No,Yes,Land (Nothing else but land),No,No
3158,"Pixel produced, but most probably cloudy",Decreasing quality,Low,No,No,Yes,Land (Nothing else but land),No,No
3162,"Pixel produced, but most probably cloudy",Decreasing quality,Low,No,No,Yes,Land (Nothing else but land),No,No
3199,Pixel not produced due to other reasons than clouds,Not useful for any other reason/not processed,Low,No,No,Yes,Land (Nothing else but land),No,No
3222,"Pixel produced, but most probably cloudy",Decreasing quality,Average,No,No,Yes,Land (Nothing else but land),No,No
3226,"Pixel produced, but most probably cloudy",Decreasing quality,Average,No,No,Yes,Land (Nothing else but land),No,No
3230,"Pixel produced, but most probably cloudy",Decreasing quality,Average,No,No,Yes,Land (Nothing else but land),No,No
3263,Pixel not produced due to other reasons than clouds,Not useful for any other reason/not processed,Average,No,No,Yes,Land (Nothing else but land),No,No
3294,"Pixel produced, but most probably cloudy",Decreasing quality,High,No,No,Yes,Land (Nothing else but land),No,No
3298,"Pixel produced, but most probably cloudy",Decreasing quality,High,No,No,Yes,Land (Nothing else but land),No,No
3302,"Pixel produced, but most probably cloudy",Decreasing quality,High,No,No,Yes,Land (Nothing else but land),No,No
3327,Pixel not produced due to other reasons than clouds,Not useful for any other reason/not processed,High,No,No,Yes,Land (Nothing else but land),No,No
3358,"Pixel produced, but most probably cloudy",Decreasing quality,Climatology,Yes,No,Yes,Land (Nothing else but land),No,No
3362,"Pixel produced, but most probably cloudy",Decreasing quality,Climatology,Yes,No,Yes,Land (Nothing else but land),No,No
3391,Pixel not produced due to other reasons than clouds,Not useful for any other reason/not processed,Climatology,Yes,No,Yes,Land (Nothing else but land),No,No
3414,"Pixel produced, but most probably cloudy",Decreasing quality,Low,Yes,No,Yes,Land (Nothing else but land),No,No
3418,"Pixel produced, but most probably cloudy",Decreasing quality,Low,Yes,No,Yes,Land (Nothing else but land),No,No
3455,Pixel not produced due to other reasons than clouds,Not useful for any other reason/not processed,Low,Yes,No,Yes,Land (Nothing else but land),No,No
3482,"Pixel produced, but most probably cloudy",Decreasing quality,Average,Yes,No,Yes,Land (Nothing else but land),No,No
3486,"Pixel produced, but most probably cloudy",Decreasing quality,Average,Yes,No,Yes,Land (Nothing else but land),No,No
3519,Pixel not produced due to other reasons than clouds,Not useful for any other reason/not processed,Average,Yes,No,Yes,Land (Nothing else but land),No,No
3554,"Pixel produced, but most probably cloudy",Decreasing quality,High,Yes,No,Yes,Land (Nothing else but land),No,No
3558,"Pixel produced, but most probably cloudy",Decreasing quality,High,Yes,No,Yes,Land (Nothing else but land),No,No
3562,"Pixel produced, but most probably cloudy",Decreasing quality,High,Yes,No,Yes,Land (Nothing else but land),No,No
3583,Pixel not produced due to other reasons than clouds,Not useful for any other reason/not processed,High,Yes,No,Yes,Land (Nothing else but land),No,No
4109,"VI produced, but check other QA",Decreasing quality,Climatology,No,No,No,Ocean coastlines and lake shorelines,No,No
4110,"Pixel produced, but most probably cloudy",Decreasing quality,Climatology,No,No,No,Ocean coastlines and lake shorelines,No,No
4113,"VI produced, but check other QA",Decreasing quality,Climatology,No,No,No,Ocean coastlines and lake shorelines,No,No
4114,"Pixel produced, but most probably cloudy",Decreasing quality,Climatology,No,No,No,Ocean coastlines and lake shorelines,No,No
4118,"Pixel produced, but most probably cloudy",Decreasing quality,Climatology,No,No,No,Ocean coastlines and lake shorelines,No,No
4159,Pixel not produced due to other reasons than clouds,Not useful for any other reason/not processed,Climatology,No,No,No,Ocean coastlines and lake shorelines,No,No
4164,VI produced with good quality,Lower quality,Low,No,No,No,Ocean coastlines and lake shorelines,No,No
4166,"Pixel produced, but most probably cloudy",Lower quality,Low,No,No,No,Ocean coastlines and lake shorelines,No,No
4168,VI produced with good quality,Decreasing quality,Low,No,No,No,Ocean coastlines and lake shorelines,No,No
4170,"Pixel produced, but most probably cloudy",Decreasing quality,Low,No,No,No,Ocean coastlines and lake shorelines,No,No
4172,VI produced with good quality,Decreasing quality,Low,No,No,No,Ocean coastlines and lake shorelines,No,No
4174,"Pixel produced, but most probably cloudy",Decreasing quality,Low,No,No,No,Ocean coastlines and lake shorelines,No,No
4223,Pixel not produced due to other reasons than clouds,Not useful for any other reason/not processed,Low,No,No,No,Ocean coastlines and lake shorelines,No,No
4237,"VI produced, but check other QA",Decreasing quality,Average,No,No,No,Ocean coastlines and lake shorelines,No,No
4369,"VI produced, but check other QA",Decreasing quality,Climatology,Yes,No,No,Ocean coastlines and lake shorelines,No,No
4370,"Pixel produced, but most probably cloudy",Decreasing quality,Climatology,Yes,No,No,Ocean coastlines and lake shorelines,No,No
4373,"VI produced, but check other QA",Decreasing quality,Climatology,Yes,No,No,Ocean coastlines and lake shorelines,No,No
4374,"Pixel produced, but most probably cloudy",Decreasing quality,Climatology,Yes,No,No,Ocean coastlines and lake shorelines,No,No
4377,"VI produced, but check other QA",Decreasing quality,Climatology,Yes,No,No,Ocean coastlines and lake shorelines,No,No
4378,"Pixel produced, but most probably cloudy",Decreasing quality,Climatology,Yes,No,No,Ocean coastlines and lake shorelines,No,No
4415,Pixel not produced due to other reasons than clouds,Not useful for any other reason/not processed,Climatology,Yes,No,No,Ocean coastlines and lake shorelines,No,No
5146,"Pixel produced, but most probably cloudy",Decreasing quality,Climatology,No,No,Yes,Ocean coastlines and lake shorelines,No,No
5150,"Pixel produced, but most probably cloudy",Decreasing quality,Climatology,No,No,Yes,Ocean coastlines and lake shorelines,No,No
5154,"Pixel produced, but most probably cloudy",Decreasing quality,Climatology,No,No,Yes,Ocean coastlines and lake shorelines,No,No
5183,Pixel not produced due to other reasons than clouds,Not useful for any other reason/not processed,Climatology,No,No,Yes,Ocean coastlines and lake shorelines,No,No
5202,"Pixel produced, but most probably cloudy",Decreasing quality,Low,No,No,Yes,Ocean coastlines and lake shorelines,No,No
5206,"Pixel produced, but most probably cloudy",Decreasing quality,Low,No,No,Yes,Ocean coastlines and lake shorelines,No,No
5210,"Pixel produced, but most probably cloudy",Decreasing quality,Low,No,No,Yes,Ocean coastlines and lake shorelines,No,No
5247,Pixel not produced due to other reasons than clouds,Not useful for any other reason/not processed,Low,No,No,Yes,Ocean coastlines and lake shorelines,No,No
5274,"Pixel produced, but most probably cloudy",Decreasing quality,Average,No,No,Yes,Ocean coastlines and lake shorelines,No,No
5406,"Pixel produced, but most probably cloudy",Decreasing quality,Climatology,Yes,No,Yes,Ocean coastlines and lake shorelines,No,No
5410,"Pixel produced, but most probably cloudy",Decreasing quality,Climatology,Yes,No,Yes,Ocean coastlines and lake shorelines,No,No
5414,"Pixel produced, but most probably cloudy",Decreasing quality,Climatology,Yes,No,Yes,Ocean coastlines and lake shorelines,No,No
5439,Pixel not produced due to other reasons than clouds,Not useful for any other reason/not processed,Climatology,Yes,No,Yes,Ocean coastlines and lake shorelines,No,No
6157,"VI produced, but check other QA",Decreasing quality,Climatology,No,No,No,Shallow inland water,No,No
6158,"Pixel produced, but most probably cloudy",Decreasing quality,Climatology,No,No,No,Shallow inland water,No,No
6161,"VI produced, but check other QA",Decreasing quality,Climatology,No,No,No,Shallow inland water,No,No
6162,"Pixel produced, but most probably cloudy",Decreasing quality,Climatology,No,No,No,Shallow inland water,No,No
6166,"Pixel produced, but most probably cloudy",Decreasing quality,Climatology,No,No,No,Shallow inland water,No,No
6207,Pixel not produced due to other reasons than clouds,Not useful for any other reason/not processed,Climatology,No,No,No,Shallow inland water,No,No
6212,VI produced with good quality,Lower quality,Low,No,No,No,Shallow inland water,No,No
6214,"Pixel produced, but most probably cloudy",Lower quality,Low,No,No,No,Shallow inland water,No,No
6216,VI produced with good quality,Decreasing quality,Low,No,No,No,Shallow inland water,No,No
6218,"Pixel produced, but most probably cloudy",Decreasing quality,Low,No,No,No,Shallow inland water,No,No
6220,VI produced with good quality,Decreasing quality,Low,No,No,No,Shallow inland water,No,No
6222,"Pixel produced, but most probably cloudy",Decreasing quality,Low,No,No,No,Shallow inland water,No,No
6271,Pixel not produced due to other reasons than clouds,Not useful for any other reason/not processed,Low,No,No,No,Shallow inland water,No,No
6281,"VI produced, but check other QA",Decreasing quality,Average,No,No,No,Shallow inland water,No,No
6335,Pixel not produced due to other reasons than clouds,Not useful for any other reason/not processed,Average,No,No,No,Shallow inland water,No,No
6353,"VI produced, but check other QA",Decreasing quality,High,No,No,No,Shallow inland water,No,No
6357,"VI produced, but check other QA",Decreasing quality,High,No,No,No,Shallow inland water,No,No
6399,Pixel not produced due to other reasons than clouds,Not useful for any other reason/not processed,High,No,No,No,Shallow inland water,No,No
6417,"VI produced, but check other QA",Decreasing quality,Climatology,Yes,No,No,Shallow inland water,No,No
6418,"Pixel produced, but most probably cloudy",Decreasing quality,Climatology,Yes,No,No,Shallow inland water,No,No
6421,"VI produced, but check other QA",Decreasing quality,Climatology,Yes,No,No,Shallow inland water,No,No
6422,"Pixel produced, but most probably cloudy",Decreasing quality,Climatology,Yes,No,No,Shallow inland water,No,No
6425,"VI produced, but check other QA",Decreasing quality,Climatology,Yes,No,No,Shallow inland water,No,No
6426,"Pixel produced, but most probably cloudy",Decreasing quality,Climatology,Yes,No,No,Shallow inland water,No,No
6463,Pixel not produced due to other reasons than clouds,Not useful for any other reason/not processed,Climatology,Yes,No,No,Shallow inland water,No,No
6613,"VI produced, but check other QA",Decreasing quality,High,Yes,No,No,Shallow inland water,No,No
6617,"VI produced, but check other QA",Decreasing quality,High,Yes,No,No,Shallow inland water,No,No
6655,Pixel not produced due to other reasons than clouds,Not useful for any other reason/not processed,High,Yes,No,No,Shallow inland water,No,No
7194,"Pixel produced, but most probably cloudy",Decreasing quality,Climatology,No,No,Yes,Shallow inland water,No,No
7198,"Pixel produced, but most probably cloudy",Decreasing quality,Climatology,No,No,Yes,Shallow inland water,No,No
7231,Pixel not produced due to other reasons than clouds,Not useful for any other reason/not processed,Climatology,No,No,Yes,Shallow inland water,No,No
7250,"Pixel produced, but most probably cloudy",Decreasing quality,Low,No,No,Yes,Shallow inland water,No,No
7254,"Pixel produced, but most probably cloudy",Decreasing quality,Low,No,No,Yes,Shallow inland water,No,No
7258,"Pixel produced, but most probably cloudy",Decreasing quality,Low,No,No,Yes,Shallow inland water,No,No
7295,Pixel not produced due to other reasons than clouds,Not useful for any other reason/not processed,Low,No,No,Yes,Shallow inland water,No,No
7390,"Pixel produced, but most probably cloudy",Decreasing quality,High,No,No,Yes,Shallow inland water,No,No
7394,"Pixel produced, but most probably cloudy",Decreasing quality,High,No,No,Yes,Shallow inland water,No,No
7423,Pixel not produced due to other reasons than clouds,Not useful for any other reason/not processed,High,No,No,Yes,Shallow inland water,No,No
7454,"Pixel produced, but most probably cloudy",Decreasing quality,Climatology,Yes,No,Yes,Shallow inland water,No,No
7458,"Pixel produced, but most probably cloudy",Decreasing quality,Climatology,Yes,No,Yes,Shallow inland water,No,No
7487,Pixel not produced due to other reasons than clouds,Not useful for any other reason/not processed,Climatology,Yes,No,Yes,Shallow inland water,No,No
7650,"Pixel produced, but most probably cloudy",Decreasing quality,High,Yes,No,Yes,Shallow inland water,No,No
7654,"Pixel produced, but most probably cloudy",Decreasing quality,High,Yes,No,Yes,Shallow inland water,No,No
7679,Pixel not produced due to other reasons than clouds,Not useful for any other reason/not processed,High,Yes,No,Yes,Shallow inland water,No,No
20498,"Pixel produced, but most probably cloudy",Decreasing quality,Climatology,No,No,No,Ocean coastlines and lake shorelines,Yes,No
21534,"Pixel produced, but most probably cloudy",Decreasing quality,Climatology,No,No,Yes,Ocean coastlines and lake shorelines,Yes,No
34837,"VI produced, but check other QA",Decreasing quality,Climatology,No,No,No,Land (Nothing else but land),No,Yes
34838,"Pixel produced, but most probably cloudy",Decreasing quality,Climatology,No,No,No,Land (Nothing else but land),No,Yes
34841,"VI produced, but check other QA",Decreasing quality,Climatology,No,No,No,Land (Nothing else but land),No,Yes
34842,"Pixel produced, but most probably cloudy",Decreasing quality,Climatology,No,No,No,Land (Nothing else but land),No,Yes
34879,Pixel not produced due to other reasons than clouds,Not useful for any other reason/not processed,Climatology,No,No,No,Land (Nothing else but land),No,Yes
34892,VI produced with good quality,Decreasing quality,Low,No,No,No,Land (Nothing else but land),No,Yes
34894,"Pixel produced, but most probably cloudy",Decreasing quality,Low,No,No,No,Land (Nothing else but land),No,Yes
34896,VI produced with good quality,Decreasing quality,Low,No,No,No,Land (Nothing else but land),No,Yes
34898,"Pixel produced, but most probably cloudy",Decreasing quality,Low,No,No,No,Land (Nothing else but land),No,Yes
34943,Pixel not produced due to other reasons than clouds,Not useful for any other reason/not processed,Low,No,No,No,Land (Nothing else but land),No,Yes
34961,"VI produced, but check other QA",Decreasing quality,Average,No,No,No,Land (Nothing else but land),No,Yes
34962,"Pixel produced, but most probably cloudy",Decreasing quality,Average,No,No,No,Land (Nothing else but land),No,Yes
34965,"VI produced, but check other QA",Decreasing quality,Average,No,No,No,Land (Nothing else but land),No,Yes
34966,"Pixel produced, but most probably cloudy",Decreasing quality,Average,No,No,No,Land (Nothing else but land),No,Yes
35007,Pixel not produced due to other reasons than clouds,Not useful for any other reason/not processed,Average,No,No,No,Land (Nothing else but land),No,Yes
35033,"VI produced, but check other QA",Decreasing quality,High,No,No,No,Land (Nothing else but land),No,Yes
35034,"Pixel produced, but most probably cloudy",Decreasing quality,High,No,No,No,Land (Nothing else but land),No,Yes
35037,"VI produced, but check other QA",Decreasing quality,High,No,No,No,Land (Nothing else but land),No,Yes
35038,"Pixel produced, but most probably cloudy",Decreasing quality,High,No,No,No,Land (Nothing else but land),No,Yes
35042,"Pixel produced, but most probably cloudy",Decreasing quality,High,No,No,No,Land (Nothing else but land),No,Yes
35071,Pixel not produced due to other reasons than clouds,Not useful for any other reason/not processed,High,No,No,No,Land (Nothing else but land),No,Yes
35097,"VI produced, but check other QA",Decreasing quality,Climatology,Yes,No,No,Land (Nothing else but land),No,Yes
35098,"Pixel produced, but most probably cloudy",Decreasing quality,Climatology,Yes,No,No,Land (Nothing else but land),No,Yes
35101,"VI produced, but check other QA",Decreasing quality,Climatology,Yes,No,No,Land (Nothing else but land),No,Yes
35102,"Pixel produced, but most probably cloudy",Decreasing quality,Climatology,Yes,No,No,Land (Nothing else but land),No,Yes
35135,Pixel not produced due to other reasons than clouds,Not useful for any other reason/not processed,Climatology,Yes,No,No,Land (Nothing else but land),No,Yes
35152,VI produced with good quality,Decreasing quality,Low,Yes,No,No,Land (Nothing else but land),No,Yes
35154,"Pixel produced, but most probably cloudy",Decreasing quality,Low,Yes,No,No,Land (Nothing else but land),No,Yes
35156,VI produced with good quality,Decreasing quality,Low,Yes,No,No,Land (Nothing else but land),No,Yes
35158,"Pixel produced, but most probably cloudy",Decreasing quality,Low,Yes,No,No,Land (Nothing else but land),No,Yes
35199,Pixel not produced due to other reasons than clouds,Not useful for any other reason/not processed,Low,Yes,No,No,Land (Nothing else but land),No,Yes
35221,"VI produced, but check other QA",Decreasing quality,Average,Yes,No,No,Land (Nothing else but land),No,Yes
35222,"Pixel produced, but most probably cloudy",Decreasing quality,Average,Yes,No,No,Land (Nothing else but land),No,Yes
35225,"VI produced, but check other QA",Decreasing quality,Average,Yes,No,No,Land (Nothing else but land),No,Yes
35226,"Pixel produced, but most probably cloudy",Decreasing quality,Average,Yes,No,No,Land (Nothing else but land),No,Yes
35263,Pixel not produced due to other reasons than clouds,Not useful for any other reason/not processed,Average,Yes,No,No,Land (Nothing else but land),No,Yes
35293,"VI produced, but check other QA",Decreasing quality,High,Yes,No,No,Land (Nothing else but land),No,Yes
35294,"Pixel produced, but most probably cloudy",Decreasing quality,High,Yes,No,No,Land (Nothing else but land),No,Yes
35297,"VI produced, but check other QA",Decreasing quality,High,Yes,No,No,Land (Nothing else but land),No,Yes
35298,"Pixel produced, but most probably cloudy",Decreasing quality,High,Yes,No,No,Land (Nothing else but land),No,Yes
35302,"Pixel produced, but most probably cloudy",Decreasing quality,High,Yes,No,No,Land (Nothing else but land),No,Yes
35327,Pixel not produced due to other reasons than clouds,Not useful for any other reason/not processed,High,Yes,No,No,Land (Nothing else but land),No,Yes
35874,"Pixel produced, but most probably cloudy",Decreasing quality,Climatology,No,No,Yes,Land (Nothing else but land),No,Yes
35878,"Pixel produced, but most probably cloudy",Decreasing quality,Climatology,No,No,Yes,Land (Nothing else but land),No,Yes
35903,Pixel not produced due to other reasons than clouds,Not useful for any other reason/not processed,Climatology,No,No,Yes,Land (Nothing else but land),No,Yes
35930,"Pixel produced, but most probably cloudy",Decreasing quality,Low,No,No,Yes,Land (Nothing else but land),No,Yes
35934,"Pixel produced, but most probably cloudy",Decreasing quality,Low,No,No,Yes,Land (Nothing else but land),No,Yes
35938,"Pixel produced, but most probably cloudy",Decreasing quality,Low,No,No,Yes,Land (Nothing else but land),No,Yes
35967,Pixel not produced due to other reasons than clouds,Not useful for any other reason/not processed,Low,No,No,Yes,Land (Nothing else but land),No,Yes
35998,"Pixel produced, but most probably cloudy",Decreasing quality,Average,No,No,Yes,Land (Nothing else but land),No,Yes
36002,"Pixel produced, but most probably cloudy",Decreasing quality,Average,No,No,Yes,Land (Nothing else but land),No,Yes
36006,"Pixel produced, but most probably cloudy",Decreasing quality,Average,No,No,Yes,Land (Nothing else but land),No,Yes
36031,Pixel not produced due to other reasons than clouds,Not useful for any other reason/not processed,Average,No,No,Yes,Land (Nothing else but land),No,Yes
36070,"Pixel produced, but most probably cloudy",Decreasing quality,High,No,No,Yes,Land (Nothing else but land),No,Yes
36074,"Pixel produced, but most probably cloudy",Decreasing quality,High,No,No,Yes,Land (Nothing else but land),No,Yes
36078,"Pixel produced, but most probably cloudy",Decreasing quality,High,No,No,Yes,Land (Nothing else but land),No,Yes
36095,Pixel not produced due to other reasons than clouds,Not useful for any other reason/not processed,High,No,No,Yes,Land (Nothing else but land),No,Yes
36134,"Pixel produced, but most probably cloudy",Decreasing quality,Climatology,Yes,No,Yes,Land (Nothing else but land),No,Yes
36138,"Pixel produced, but most probably cloudy",Decreasing quality,Climatology,Yes,No,Yes,Land (Nothing else but land),No,Yes
36159,Pixel not produced due to other reasons than clouds,Not useful for any other reason/not processed,Climatology,Yes,No,Yes,Land (Nothing else but land),No,Yes
36190,"Pixel produced, but most probably cloudy",Decreasing quality,Low,Yes,No,Yes,Land (Nothing else but land),No,Yes
36194,"Pixel produced, but most probably cloudy",Decreasing quality,Low,Yes,No,Yes,Land (Nothing else but land),No,Yes
36223,Pixel not produced due to other reasons than clouds,Not useful for any other reason/not processed,Low,Yes,No,Yes,Land (Nothing else but land),No,Yes
36258,"Pixel produced, but most probably cloudy",Decreasing quality,Average,Yes,No,Yes,Land (Nothing else but land),No,Yes
36262,"Pixel produced, but most probably cloudy",Decreasing quality,Average,Yes,No,Yes,Land (Nothing else but land),No,Yes
36287,Pixel not produced due to other reasons than clouds,Not useful for any other reason/not processed,Average,Yes,No,Yes,Land (Nothing else but land),No,Yes
36330,"Pixel produced, but most probably cloudy",Decreasing quality,High,Yes,No,Yes,Land (Nothing else but land),No,Yes
36334,"Pixel produced, but most probably cloudy",Decreasing quality,High,Yes,No,Yes,Land (Nothing else but land),No,Yes
36338,"Pixel produced, but most probably cloudy",Lowest quality,High,Yes,No,Yes,Land (Nothing else but land),No,Yes
36351,Pixel not produced due to other reasons than clouds,Not useful for any other reason/not processed,High,Yes,No,Yes,Land (Nothing else but land),No,Yes
36885,"VI produced, but check other QA",Decreasing quality,Climatology,No,No,No,Ocean coastlines and lake shorelines,No,Yes
36886,"Pixel produced, but most probably cloudy",Decreasing quality,Climatology,No,No,No,Ocean coastlines and lake shorelines,No,Yes
36889,"VI produced, but check other QA",Decreasing quality,Climatology,No,No,No,Ocean coastlines and lake shorelines,No,Yes
36890,"Pixel produced, but most probably cloudy",Decreasing quality,Climatology,No,No,No,Ocean coastlines and lake shorelines,No,Yes
36927,Pixel not produced due to other reasons than clouds,Not useful for any other reason/not processed,Climatology,No,No,No,Ocean coastlines and lake shorelines,No,Yes
36940,VI produced with good quality,Decreasing quality,Low,No,No,No,Ocean coastlines and lake shorelines,No,Yes
36942,"Pixel produced, but most probably cloudy",Decreasing quality,Low,No,No,No,Ocean coastlines and lake shorelines,No,Yes
36944,VI produced with good quality,Decreasing quality,Low,No,No,No,Ocean coastlines and lake shorelines,No,Yes
36946,"Pixel produced, but most probably cloudy",Decreasing quality,Low,No,No,No,Ocean coastlines and lake shorelines,No,Yes
36948,VI produced with good quality,Decreasing quality,Low,No,No,No,Ocean coastlines and lake shorelines,No,Yes
36950,"Pixel produced, but most probably cloudy",Decreasing quality,Low,No,No,No,Ocean coastlines and lake shorelines,No,Yes
36991,Pixel not produced due to other reasons than clouds,Not useful for any other reason/not processed,Low,No,No,No,Ocean coastlines and lake shorelines,No,Yes
37145,"VI produced, but check other QA",Decreasing quality,Climatology,Yes,No,No,Ocean coastlines and lake shorelines,No,Yes
37146,"Pixel produced, but most probably cloudy",Decreasing quality,Climatology,Yes,No,No,Ocean coastlines and lake shorelines,No,Yes
37149,"VI produced, but check other QA",Decreasing quality,Climatology,Yes,No,No,Ocean coastlines and lake shorelines,No,Yes
37150,"Pixel produced, but most probably cloudy",Decreasing quality,Climatology,Yes,No,No,Ocean coastlines and lake shorelines,No,Yes
37154,"Pixel produced, but most probably cloudy",Decreasing quality,Climatology,Yes,No,No,Ocean coastlines and lake shorelines,No,Yes
37183,Pixel not produced due to other reasons than clouds,Not useful for any other reason/not processed,Climatology,Yes,No,No,Ocean coastlines and lake shorelines,No,Yes
37922,"Pixel produced, but most probably cloudy",Decreasing quality,Climatology,No,No,Yes,Ocean coastlines and lake shorelines,No,Yes
37926,"Pixel produced, but most probably cloudy",Decreasing quality,Climatology,No,No,Yes,Ocean coastlines and lake shorelines,No,Yes
37978,"Pixel produced, but most probably cloudy",Decreasing quality,Low,No,No,Yes,Ocean coastlines and lake shorelines,No,Yes
37982,"Pixel produced, but most probably cloudy",Decreasing quality,Low,No,No,Yes,Ocean coastlines and lake shorelines,No,Yes
37986,"Pixel produced, but most probably cloudy",Decreasing quality,Low,No,No,Yes,Ocean coastlines and lake shorelines,No,Yes
38015,Pixel not produced due to other reasons than clouds,Not useful for any other reason/not processed,Low,No,No,Yes,Ocean coastlines and lake shorelines,No,Yes
38182,"Pixel produced, but most probably cloudy",Decreasing quality,Climatology,Yes,No,Yes,Ocean coastlines and lake shorelines,No,Yes
38186,"Pixel produced, but most probably cloudy",Decreasing quality,Climatology,Yes,No,Yes,Ocean coastlines and lake shorelines,No,Yes
38190,"Pixel produced, but most probably cloudy",Decreasing quality,Climatology,Yes,No,Yes,Ocean coastlines and lake shorelines,No,Yes
38207,Pixel not produced due to other reasons than clouds,Not useful for any other reason/not processed,Climatology,Yes,No,Yes,Ocean coastlines and lake shorelines,No,Yes
38933,"VI produced, but check other QA",Decreasing quality,Climatology,No,No,No,Shallow inland water,No,Yes
38937,"VI produced, but check other QA",Decreasing quality,Climatology,No,No,No,Shallow inland water,No,Yes
38975,Pixel not produced due to other reasons than clouds,Not useful for any other reason/not processed,Climatology,No,No,No,Shallow inland water,No,Yes
38988,VI produced with good quality,Decreasing quality,Low,No,No,No,Shallow inland water,No,Yes
38990,"Pixel produced, but most probably cloudy",Decreasing quality,Low,No,No,No,Shallow inland water,No,Yes
38992,VI produced with good quality,Decreasing quality,Low,No,No,No,Shallow inland water,No,Yes
38994,"Pixel produced, but most probably cloudy",Decreasing quality,Low,No,No,No,Shallow inland water,No,Yes
38996,VI produced with good quality,Decreasing quality,Low,No,No,No,Shallow inland water,No,Yes
38998,"Pixel produced, but most probably cloudy",Decreasing quality,Low,No,No,No,Shallow inland water,No,Yes
39039,Pixel not produced due to other reasons than clouds,Not useful for any other reason/not processed,Low,No,No,No,Shallow inland water,No,Yes
39129,"VI produced, but check other QA",Decreasing quality,High,No,No,No,Shallow inland water,No,Yes
39133,"VI produced, but check other QA",Decreasing quality,High,No,No,No,Shallow inland water,No,Yes
39167,Pixel not produced due to other reasons than clouds,Not useful for any other reason/not processed,High,No,No,No,Shallow inland water,No,Yes
39193,"VI produced, but check other QA",Decreasing quality,Climatology,Yes,No,No,Shallow inland water,No,Yes
39194,"Pixel produced, but most probably cloudy",Decreasing quality,Climatology,Yes,No,No,Shallow inland water,No,Yes
39197,"VI produced, but check other QA",Decreasing quality,Climatology,Yes,No,No,Shallow inland water,No,Yes
39198,"Pixel produced, but most probably cloudy",Decreasing quality,Climatology,Yes,No,No,Shallow inland water,No,Yes
39201,"VI produced, but check other QA",Decreasing quality,Climatology,Yes,No,No,Shallow inland water,No,Yes
39202,"Pixel produced, but most probably cloudy",Decreasing quality,Climatology,Yes,No,No,Shallow inland water,No,Yes
39231,Pixel not produced due to other reasons than clouds,Not useful for any other reason/not processed,Climatology,Yes,No,No,Shallow inland water,No,Yes
39389,"VI produced, but check other QA",Decreasing quality,High,Yes,No,No,Shallow inland water,No,Yes
39390,"Pixel produced, but most probably cloudy",Decreasing quality,High,Yes,No,No,Shallow inland water,No,Yes
39393,"VI produced, but check other QA",Decreasing quality,High,Yes,No,No,Shallow inland water,No,Yes
39423,Pixel not produced due to other reasons than clouds,Not useful for any other reason/not processed,High,Yes,No,No,Shallow inland water,No,Yes
39970,"Pixel produced, but most probably cloudy",Decreasing quality,Climatology,No,No,Yes,Shallow inland water,No,Yes
39999,Pixel not produced due to other reasons than clouds,Not useful for any other reason/not processed,Climatology,No,No,Yes,Shallow inland water,No,Yes
40026,"Pixel produced, but most probably cloudy",Decreasing quality,Low,No,No,Yes,Shallow inland water,No,Yes
40030,"Pixel produced, but most probably cloudy",Decreasing quality,Low,No,No,Yes,Shallow inland water,No,Yes
40034,"Pixel produced, but most probably cloudy",Decreasing quality,Low,No,No,Yes,Shallow inland water,No,Yes
40230,"Pixel produced, but most probably cloudy",Decreasing quality,Climatology,Yes,No,Yes,Shallow inland water,No,Yes
40234,"Pixel produced, but most probably cloudy",Decreasing quality,Climatology,Yes,No,Yes,Shallow inland water,No,Yes
40238,"Pixel produced, but most probably cloudy",Decreasing quality,Climatology,Yes,No,Yes,Shallow inland water,No,Yes
40255,Pixel not produced due to other reasons than clouds,Not useful for any other reason/not processed,Climatology,Yes,No,Yes,Shallow inland water,No,Yes
40426,"Pixel produced, but most probably cloudy",Decreasing quality,High,Yes,No,Yes,Shallow inland water,No,Yes
40430,"Pixel produced, but most probably cloudy",Decreasing quality,High,Yes,No,Yes,Shallow inland water,No,Yes
40447,Pixel not produced due to other reasons than clouds,Not useful for any other reason/not processed,High,Yes,No,Yes,Shallow inland water,No,Yes
